stock_id,strategy_lane,entry_type,entry_note,timing_score,close,ma5,ma10,ma20,ma60,atr20_pct,mom5,mom20,volume_ratio20,ma_compression,near_20d_high,pullback_to_ma20,reversal_signal,breakout_signal
1595,ALPHA,WAIT,ALPHA 時機未明，先觀察,25,72.8,72.8,64.9,55.63,45.79,0.053,0.0931,0.7585,1.7549,0.1816,True,False,False,True
2070,ALPHA,WAIT,ALPHA 時機未明，先觀察,25,59.0,59.0,55.63,47.86,42.65,0.052,0.0806,0.5206,1.5082,0.1603,False,False,False,False
3224,ALPHA,WAIT,ALPHA 時機未明，先觀察,25,50.6,50.6,47.98,43.89,43.93,0.0545,0.1606,0.2222,2.7095,0.1068,False,False,False,False
3260,ALPHA,WAIT,ALPHA 時機未明，先觀察,25,436.0,436.0,415.05,392.05,362.61,0.0764,0.09,0.1832,1.2505,0.0768,False,False,False,False
3438,ALPHA,WAIT,ALPHA 時機未明，先觀察,25,54.9,54.9,51.97,48.58,47.61,0.0419,0.0497,0.2379,1.8505,0.0885,False,False,False,False
3455,ALPHA,WAIT,ALPHA 時機未明，先觀察,25,243.0,243.0,229.85,203.47,146.5,0.073,0.1302,0.9209,1.9255,0.1356,False,False,False,False
3498,ALPHA,WAIT,ALPHA 時機未明，先觀察,25,87.7,87.7,85.66,83.15,68.34,0.0689,0.1201,0.2047,1.2674,0.0402,False,False,False,False
3511,ALPHA,WAIT,ALPHA 時機未明，先觀察,25,22.85,22.85,21.92,20.68,20.04,0.0445,0.0753,0.1839,2.5616,0.0748,False,False,False,False
3577,ALPHA,WAIT,ALPHA 時機未明，先觀察,25,87.3,87.3,84.82,80.75,69.19,0.0456,0.0505,0.2176,1.7219,0.0609,True,False,False,True
3680,ALPHA,WAIT,ALPHA 時機未明，先觀察,25,537.0,537.0,508.35,455.05,419.16,0.0635,0.1699,0.4244,1.7279,0.1259,True,False,False,True
4529,ALPHA,WAIT,ALPHA 時機未明，先觀察,25,5.2,5.2,4.68,3.89,3.53,0.0502,0.0442,0.6613,1.858,0.2019,False,False,False,False
4542,ALPHA,WAIT,ALPHA 時機未明，先觀察,25,199.0,199.0,185.6,177.78,159.97,0.0661,0.1404,0.2097,1.3133,0.073,False,False,False,False
4563,ALPHA,WAIT,ALPHA 時機未明，先觀察,25,50.6,50.6,47.35,43.99,47.58,0.0459,0.192,0.2252,2.5321,0.0986,True,False,False,True
4933,ALPHA,WAIT,ALPHA 時機未明，先觀察,25,73.6,73.6,68.08,63.64,59.93,0.0389,0.0904,0.2756,2.9806,0.0978,False,False,False,False
4950,ALPHA,WAIT,ALPHA 時機未明，先觀察,25,17.95,17.95,17.22,16.89,16.51,0.0552,0.0912,0.1361,2.7113,0.0384,True,False,False,True
4951,ALPHA,WAIT,ALPHA 時機未明，先觀察,25,119.0,119.0,97.52,84.18,74.15,0.0392,0.453,0.7474,3.2358,0.2024,True,False,False,True
5386,ALPHA,WAIT,ALPHA 時機未明，先觀察,25,379.0,379.0,365.8,350.98,271.03,0.0788,0.1147,0.3206,1.5808,0.0565,False,False,False,False
5464,ALPHA,WAIT,ALPHA 時機未明，先觀察,25,33.0,33.0,32.45,30.79,28.26,0.0395,0.0662,0.1681,1.7893,0.0586,True,False,False,True
5483,ALPHA,WAIT,ALPHA 時機未明，先觀察,25,134.0,134.0,132.5,124.85,118.93,0.0431,0.0308,0.2523,1.3041,0.0627,False,False,False,False
5864,ALPHA,WAIT,ALPHA 時機未明，先觀察,25,28.5,28.5,26.99,25.62,24.7,0.0345,0.0755,0.195,1.4866,0.0747,True,False,False,True
5904,ALPHA,WAIT,ALPHA 時機未明，先觀察,25,575.0,575.0,555.6,529.88,492.68,0.0314,0.0648,0.1386,1.9191,0.0616,True,False,False,True
6147,ALPHA,WAIT,ALPHA 時機未明，先觀察,25,163.0,163.0,149.75,126.85,82.18,0.0817,0.1241,1.1335,1.7733,0.1811,False,False,False,False
6204,ALPHA,WAIT,ALPHA 時機未明，先觀察,25,71.5,71.5,68.88,65.58,66.43,0.043,0.1313,0.2139,1.5167,0.0645,True,False,False,True
6218,ALPHA,WAIT,ALPHA 時機未明，先觀察,25,41.15,41.15,37.72,35.99,27.97,0.0801,0.2413,0.6593,2.6928,0.0837,False,False,False,False
6441,ALPHA,WAIT,ALPHA 時機未明，先觀察,25,29.4,29.4,26.38,22.92,21.64,0.0628,0.1713,0.4886,2.4596,0.1689,False,False,False,False
6651,ALPHA,WAIT,ALPHA 時機未明，先觀察,25,107.0,107.0,100.92,96.21,94.58,0.0416,0.1239,0.2588,2.6364,0.0725,False,False,False,False
6664,ALPHA,WAIT,ALPHA 時機未明，先觀察,25,464.5,464.5,440.7,417.85,328.37,0.0819,0.1193,0.4403,1.4416,0.0748,False,False,False,False
6823,ALPHA,WAIT,ALPHA 時機未明，先觀察,25,96.8,96.8,89.75,78.22,67.68,0.0692,0.2604,0.5316,2.2507,0.1555,False,False,False,False
6903,ALPHA,WAIT,ALPHA 時機未明，先觀察,25,412.5,412.5,399.65,380.02,316.32,0.0656,0.0742,0.4373,1.1742,0.0632,True,False,False,True
6922,ALPHA,WAIT,ALPHA 時機未明，先觀察,25,176.5,176.5,171.35,166.45,162.13,0.0443,0.0762,0.1387,3.3705,0.0424,False,False,False,False
6953,ALPHA,WAIT,ALPHA 時機未明，先觀察,25,277.5,277.5,268.85,242.15,230.71,0.0662,0.0904,0.3028,2.4173,0.1118,False,False,False,False
8032,ALPHA,WAIT,ALPHA 時機未明，先觀察,25,41.5,41.5,39.27,37.36,36.57,0.0396,0.137,0.2224,3.2729,0.0728,False,False,False,False
8155,ALPHA,WAIT,ALPHA 時機未明，先觀察,25,416.0,416.0,400.5,359.6,268.1,0.0712,0.0976,0.7014,1.354,0.1169,False,False,False,False
3490,ALPHA,WAIT,ALPHA 時機未明，先觀察,15,30.5,30.5,30.31,29.03,26.25,0.0448,0.0218,0.1822,0.444,0.045,False,False,False,False
3709,ALPHA,WAIT,ALPHA 時機未明，先觀察,15,82.5,82.5,79.83,74.31,69.18,0.061,0.0223,0.2653,0.9694,0.0831,False,False,False,False
5299,ALPHA,WAIT,ALPHA 時機未明，先觀察,15,88.9,88.9,87.13,83.68,78.34,0.0349,0.0289,0.1869,0.9,0.0488,True,False,False,False
6419,ALPHA,WAIT,ALPHA 時機未明，先觀察,15,149.0,149.0,143.95,126.38,93.79,0.0582,0.1203,0.5204,0.3465,0.1349,False,False,False,False
6435,ALPHA,WAIT,ALPHA 時機未明，先觀察,15,193.0,193.0,186.9,174.62,158.36,0.0457,0.0575,0.2781,0.8372,0.0794,True,False,False,False
6679,ALPHA,WAIT,ALPHA 時機未明，先觀察,15,286.0,286.0,282.95,270.07,237.4,0.0504,0.0381,0.1486,0.8575,0.0503,False,False,False,False
8091,ALPHA,WAIT,ALPHA 時機未明，先觀察,15,192.0,192.0,188.3,182.55,153.55,0.0557,0.0549,0.219,0.9914,0.0396,False,False,False,False
3122,ALPHA,WAIT,ALPHA 時機未明，先觀察,10,32.7,32.7,30.95,28.11,26.76,0.0458,-0.0091,0.3028,2.0848,0.1138,False,False,False,False
6261,ALPHA,WAIT,ALPHA 時機未明，先觀察,10,91.5,91.5,91.77,85.36,76.07,0.0667,-0.0379,0.2249,2.0078,0.0686,False,False,False,False
3088,CORE,BREAK,突破型：可分批追，但避免開盤急拉直接追,50,108.0,108.0,104.17,96.78,87.05,0.04,0.11,0.3252,1.5755,0.0862,True,False,False,True
3707,CORE,BREAK,突破型：可分批追，但避免開盤急拉直接追,50,66.2,66.2,62.44,57.3,57.05,0.0582,0.1885,0.3307,2.502,0.1061,True,False,False,True
5443,CORE,BREAK,突破型：可分批追，但避免開盤急拉直接追,50,129.5,129.5,123.3,117.57,102.22,0.0677,0.1068,0.2822,1.7661,0.0682,True,False,False,True
5474,CORE,BREAK,突破型：可分批追，但避免開盤急拉直接追,50,154.0,154.0,147.65,143.55,144.29,0.056,0.1365,0.1846,2.7009,0.0472,True,False,False,True
6015,CORE,BREAK,突破型：可分批追，但避免開盤急拉直接追,50,14.2,14.2,13.78,13.55,13.57,0.0224,0.0403,0.0597,1.2457,0.0308,True,False,False,True
6207,CORE,BREAK,突破型：可分批追，但避免開盤急拉直接追,50,64.5,64.5,60.95,57.5,54.91,0.0597,0.1159,0.2722,2.7082,0.081,True,False,False,True
6485,CORE,BREAK,突破型：可分批追，但避免開盤急拉直接追,50,87.6,87.6,83.91,81.11,87.69,0.0486,0.1362,0.0842,1.7179,0.0531,True,False,False,True
8291,CORE,BREAK,突破型：可分批追，但避免開盤急拉直接追,50,22.05,22.05,17.75,15.54,15.5,0.05,0.4603,0.5313,3.3485,0.1977,True,False,False,True
9960,CORE,BREAK,突破型：可分批追，但避免開盤急拉直接追,50,34.3,34.3,30.98,28.44,24.86,0.0235,0.2294,0.3859,2.0583,0.1224,True,False,False,True
3580,CORE,WAIT,CORE 尚未到理想進場點，等待突破或回檔,5,85.9,85.9,83.46,81.45,73.19,0.0557,0.0791,0.2324,1.4305,0.0377,False,False,False,False
5276,CORE,WAIT,CORE 尚未到理想進場點，等待突破或回檔,5,18.4,18.4,17.77,16.64,15.95,0.0428,-0.0891,0.2185,1.6845,0.0787,False,False,False,False
5289,CORE,WAIT,CORE 尚未到理想進場點，等待突破或回檔,5,1245.0,1245.0,1172.0,1126.75,968.25,0.0853,0.1475,0.3373,1.2324,0.0657,False,False,False,False
6016,CORE,WAIT,CORE 尚未到理想進場點，等待突破或回檔,5,19.45,19.45,18.76,17.82,17.17,0.0242,0.0291,0.1543,1.1292,0.0661,True,False,False,False
6761,CORE,WAIT,CORE 尚未到理想進場點，等待突破或回檔,5,218.0,218.0,212.0,198.22,171.31,0.0695,0.0235,0.3711,1.1786,0.0769,False,False,False,False
8027,CORE,WAIT,CORE 尚未到理想進場點，等待突破或回檔,5,193.5,193.5,171.5,159.85,125.77,0.073,0.2364,0.273,1.1054,0.1171,True,False,False,False
6683,CORE,WAIT,CORE 尚未到理想進場點，等待突破或回檔,0,2125.0,2125.0,1995.0,1847.0,1242.95,0.0564,0.1644,0.412,0.5755,0.1002,True,False,False,False
6881,CORE,WAIT,CORE 尚未到理想進場點，等待突破或回檔,0,263.0,263.0,257.5,250.4,237.12,0.0112,0.0395,0.1215,0.674,0.0375,True,False,False,False
1109,PRE,WAIT,PRE 佈局型：等待突破確認，小倉觀察，不主動重倉,100,15.4,15.41,15.43,15.36,15.42,0.0106,-0.0065,0.0098,0.9182,0.0037,True,True,False,False
1201,PRE,WAIT,PRE 佈局型：等待突破確認，小倉觀察，不主動重倉,100,12.9,13.09,13.21,13.33,13.95,0.0138,-0.0373,-0.0409,1.2727,0.014,False,True,False,False
1216,PRE,WAIT,PRE 佈局型：等待突破確認，小倉觀察，不主動重倉,100,71.5,72.08,72.36,72.16,72.24,0.0141,-0.0272,0.0113,1.1238,0.002,True,True,False,False
1232,PRE,WAIT,PRE 佈局型：等待突破確認，小倉觀察，不主動重倉,100,149.0,150.0,150.0,149.88,149.14,0.0089,-0.0067,-0.01,1.016,0.0008,True,True,False,False
1233,PRE,WAIT,PRE 佈局型：等待突破確認，小倉觀察，不主動重倉,100,28.6,28.68,29.09,29.04,30.97,0.0155,-0.0305,-0.0561,1.2702,0.0072,False,True,False,False
1234,PRE,WAIT,PRE 佈局型：等待突破確認，小倉觀察，不主動重倉,100,35.45,35.8,35.91,35.89,36.44,0.0097,-0.0207,-0.0112,0.8699,0.0016,True,True,False,False
1240,PRE,WAIT,PRE 佈局型：等待突破確認，小倉觀察，不主動重倉,100,59.6,59.6,59.44,59.39,59.51,0.0091,0.0068,0.0051,0.8849,0.0022,True,True,False,False
1268,PRE,WAIT,PRE 佈局型：等待突破確認，小倉觀察，不主動重倉,100,155.0,155.0,155.8,156.8,158.43,0.0069,-0.0064,-0.0159,0.9646,0.009,True,True,False,False
1294,PRE,WAIT,PRE 佈局型：等待突破確認，小倉觀察，不主動重倉,100,79.6,79.6,80.41,80.88,81.31,0.0163,-0.0062,-0.0185,1.0644,0.011,False,True,False,False
1307,PRE,WAIT,PRE 佈局型：等待突破確認，小倉觀察，不主動重倉,100,31.7,31.73,31.9,32.22,32.84,0.0278,-0.0063,-0.0663,0.8158,0.0129,False,True,True,False
1413,PRE,WAIT,PRE 佈局型：等待突破確認，小倉觀察，不主動重倉,100,9.75,9.74,9.79,9.81,9.84,0.0172,-0.0102,0.0072,1.0512,0.0051,True,True,False,False
1447,PRE,WAIT,PRE 佈局型：等待突破確認，小倉觀察，不主動重倉,100,5.02,5.18,5.24,5.19,5.36,0.0228,-0.0492,-0.0099,1.4955,0.0064,False,True,False,False
1453,PRE,WAIT,PRE 佈局型：等待突破確認，小倉觀察，不主動重倉,100,12.1,12.06,12.13,12.16,12.51,0.0221,-0.0041,-0.0242,0.9839,0.0056,False,True,True,False
1459,PRE,WAIT,PRE 佈局型：等待突破確認，小倉觀察，不主動重倉,100,11.65,11.69,11.7,11.68,11.79,0.0135,-0.0043,0.0,0.8934,0.0011,True,True,False,False
1460,PRE,WAIT,PRE 佈局型：等待突破確認，小倉觀察，不主動重倉,100,6.88,6.8,6.9,7.0,6.85,0.0227,-0.0043,-0.051,1.2175,0.0214,False,True,False,False
1513,PRE,WAIT,PRE 佈局型：等待突破確認，小倉觀察，不主動重倉,100,149.5,153.1,152.7,150.32,160.53,0.0279,-0.0229,-0.0568,1.2689,0.0172,False,True,False,False
1527,PRE,WAIT,PRE 佈局型：等待突破確認，小倉觀察，不主動重倉,100,32.45,32.74,32.83,32.69,33.53,0.013,-0.0167,0.0078,1.0157,0.0032,False,True,False,False
1531,PRE,WAIT,PRE 佈局型：等待突破確認，小倉觀察，不主動重倉,100,13.0,13.25,13.23,13.1,12.58,0.0237,-0.0076,0.0277,1.1093,0.011,False,True,False,False
1537,PRE,WAIT,PRE 佈局型：等待突破確認，小倉觀察，不主動重倉,100,122.5,123.6,124.0,124.03,123.88,0.0086,-0.02,-0.0161,1.0717,0.0018,True,True,False,False
1612,PRE,WAIT,PRE 佈局型：等待突破確認，小倉觀察，不主動重倉,100,35.0,35.39,35.43,35.14,35.64,0.017,-0.0182,-0.0141,1.0546,0.0079,True,True,False,False
1617,PRE,WAIT,PRE 佈局型：等待突破確認，小倉觀察，不主動重倉,100,15.65,15.68,15.62,15.15,15.6,0.0265,-0.0063,0.0683,0.8049,0.0323,False,True,False,False
1713,PRE,WAIT,PRE 佈局型：等待突破確認，小倉觀察，不主動重倉,100,47.1,47.9,47.98,47.43,47.65,0.0185,-0.0238,-0.0198,0.9617,0.0109,False,True,False,False
1720,PRE,WAIT,PRE 佈局型：等待突破確認，小倉觀察，不主動重倉,100,60.9,61.52,62.43,62.94,62.57,0.0137,-0.0333,-0.0333,0.8867,0.0158,False,True,True,False
1733,PRE,WAIT,PRE 佈局型：等待突破確認，小倉觀察，不主動重倉,100,28.8,29.27,29.52,29.57,29.6,0.0161,-0.027,-0.04,0.9013,0.006,False,True,False,False
1737,PRE,WAIT,PRE 佈局型：等待突破確認，小倉觀察，不主動重倉,100,31.6,31.93,32.05,31.94,31.72,0.008,-0.0186,-0.0032,0.9162,0.0019,True,True,True,False
1760,PRE,WAIT,PRE 佈局型：等待突破確認，小倉觀察，不主動重倉,100,63.3,64.42,64.24,64.02,63.11,0.0202,-0.0186,-0.0063,0.8393,0.0049,False,True,False,False
1788,PRE,WAIT,PRE 佈局型：等待突破確認，小倉觀察，不主動重倉,100,136.0,136.0,136.1,136.28,136.47,0.004,0.0,-0.0037,1.2421,0.0017,True,True,False,False
1817,PRE,WAIT,PRE 佈局型：等待突破確認，小倉觀察，不主動重倉,100,38.65,38.66,38.72,38.77,38.74,0.0061,-0.0013,-0.0026,0.9062,0.0021,True,True,False,False
2029,PRE,WAIT,PRE 佈局型：等待突破確認，小倉觀察，不主動重倉,100,20.2,20.49,20.58,20.53,20.94,0.0146,-0.0194,-0.0146,0.8864,0.0022,False,True,False,False
2035,PRE,WAIT,PRE 佈局型：等待突破確認，小倉觀察，不主動重倉,100,28.3,28.3,28.15,28.29,28.36,0.0165,0.0107,0.0053,1.3968,0.0027,True,True,False,False
2207,PRE,WAIT,PRE 佈局型：等待突破確認，小倉觀察，不主動重倉,100,493.5,508.1,509.25,502.05,517.08,0.0264,-0.0417,-0.011,0.8367,0.0134,False,True,False,False
2353,PRE,WAIT,PRE 佈局型：等待突破確認，小倉觀察，不主動重倉,100,27.65,28.07,27.93,27.57,27.09,0.0222,-0.0366,0.0203,1.1103,0.0156,False,True,False,False
2357,PRE,WAIT,PRE 佈局型：等待突破確認，小倉觀察，不主動重倉,100,585.0,599.2,592.6,578.4,546.83,0.0261,-0.0234,0.0354,1.3022,0.0299,False,True,False,False
2397,PRE,WAIT,PRE 佈局型：等待突破確認，小倉觀察，不主動重倉,100,57.1,58.74,59.16,57.37,58.25,0.0271,-0.0499,0.0233,1.4885,0.0276,False,True,True,False
2412,PRE,WAIT,PRE 佈局型：等待突破確認，小倉觀察，不主動重倉,100,135.5,136.4,136.1,135.15,134.79,0.0096,-0.0145,0.0037,1.0157,0.0081,True,True,False,False
2450,PRE,WAIT,PRE 佈局型：等待突破確認，小倉觀察，不主動重倉,100,29.95,30.07,30.09,29.69,29.44,0.0139,-0.0099,0.0204,1.1885,0.013,True,True,False,False
2453,PRE,WAIT,PRE 佈局型：等待突破確認，小倉觀察，不主動重倉,100,53.2,54.38,54.55,53.56,54.21,0.0229,-0.0414,-0.0203,0.8023,0.017,False,True,False,False
2462,PRE,WAIT,PRE 佈局型：等待突破確認，小倉觀察，不主動重倉,100,22.55,22.85,22.38,22.2,23.61,0.0313,-0.0088,-0.0153,1.1601,0.0182,False,True,False,False
2505,PRE,WAIT,PRE 佈局型：等待突破確認，小倉觀察，不主動重倉,100,18.85,18.83,18.89,19.07,19.06,0.0194,0.0027,-0.0233,0.8926,0.0114,False,True,False,False
2506,PRE,WAIT,PRE 佈局型：等待突破確認，小倉觀察，不主動重倉,100,8.86,8.86,8.92,8.95,8.96,0.0151,-0.0134,-0.0177,1.4081,0.0065,True,True,True,False
2534,PRE,WAIT,PRE 佈局型：等待突破確認，小倉觀察，不主動重倉,100,19.4,19.53,19.7,19.77,19.94,0.0143,-0.0251,-0.042,1.2244,0.0079,False,True,True,False
2547,PRE,WAIT,PRE 佈局型：等待突破確認，小倉觀察，不主動重倉,100,10.45,10.58,10.73,10.69,10.87,0.0177,-0.0369,-0.0413,0.9686,0.0074,False,True,False,False
2603,PRE,WAIT,PRE 佈局型：等待突破確認，小倉觀察，不主動重倉,100,201.5,200.6,200.65,201.55,199.72,0.019,0.0177,-0.0218,1.0398,0.0046,True,True,False,False
2609,PRE,WAIT,PRE 佈局型：等待突破確認，小倉觀察，不主動重倉,100,50.1,50.3,50.57,51.32,54.65,0.0204,-0.0118,-0.067,0.9564,0.0178,False,True,True,False
2614,PRE,WAIT,PRE 佈局型：等待突破確認，小倉觀察，不主動重倉,100,20.05,20.29,20.36,20.52,20.71,0.0221,-0.0172,-0.0337,1.1107,0.01,False,True,False,False
2618,PRE,WAIT,PRE 佈局型：等待突破確認，小倉觀察，不主動重倉,100,33.75,34.63,34.87,34.87,36.0,0.0197,-0.0439,-0.0533,1.1193,0.0036,False,True,True,False
2706,PRE,WAIT,PRE 佈局型：等待突破確認，小倉觀察，不主動重倉,100,12.25,12.47,12.59,12.49,12.65,0.0139,-0.0354,-0.0121,1.3437,0.0049,False,True,False,False
2753,PRE,WAIT,PRE 佈局型：等待突破確認，小倉觀察，不主動重倉,100,179.0,180.1,181.4,180.75,182.15,0.0126,-0.0138,-0.0165,1.4858,0.0036,True,True,False,False
2801,PRE,WAIT,PRE 佈局型：等待突破確認，小倉觀察，不主動重倉,100,21.05,21.32,21.33,21.02,20.77,0.0116,-0.0255,0.0169,0.7539,0.0144,False,True,False,False
2816,PRE,WAIT,PRE 佈局型：等待突破確認，小倉觀察，不主動重倉,100,30.4,30.48,30.95,30.98,30.13,0.0184,-0.0146,-0.038,0.9671,0.0086,False,True,False,False
2820,PRE,WAIT,PRE 佈局型：等待突破確認，小倉觀察，不主動重倉,100,16.8,16.98,17.06,16.95,16.8,0.0095,-0.0233,0.0,1.4479,0.004,False,True,False,False
2836,PRE,WAIT,PRE 佈局型：等待突破確認，小倉觀察，不主動重倉,100,11.85,12.0,12.11,12.12,12.2,0.0101,-0.0287,-0.0247,1.3147,0.0059,False,True,False,False
2845,PRE,WAIT,PRE 佈局型：等待突破確認，小倉觀察，不主動重倉,100,12.35,12.47,12.56,12.56,12.52,0.0093,-0.0237,-0.008,1.2864,0.0036,False,True,False,False
2852,PRE,WAIT,PRE 佈局型：等待突破確認，小倉觀察，不主動重倉,100,26.05,26.17,26.2,26.04,26.65,0.0087,-0.0038,0.0,1.0324,0.0057,True,True,False,False
2867,PRE,WAIT,PRE 佈局型：等待突破確認，小倉觀察，不主動重倉,100,7.82,7.86,7.86,7.79,7.87,0.015,-0.0064,0.0209,0.8762,0.0088,True,True,False,False
2880,PRE,WAIT,PRE 佈局型：等待突破確認，小倉觀察，不主動重倉,100,35.0,35.33,35.38,34.57,34.32,0.0232,-0.0318,0.0249,0.909,0.0224,False,True,False,False
2881,PRE,WAIT,PRE 佈局型：等待突破確認，小倉觀察，不主動重倉,100,87.8,87.86,87.7,87.71,90.17,0.0148,-0.0023,-0.0113,0.9073,0.0009,True,True,False,False
2882,PRE,WAIT,PRE 佈局型：等待突破確認，小倉觀察，不主動重倉,100,74.9,75.14,74.25,73.03,74.28,0.0195,-0.0013,0.049,1.1427,0.0223,True,True,False,False
2883,PRE,WAIT,PRE 佈局型：等待突破確認，小倉觀察，不主動重倉,100,20.3,20.56,20.75,20.49,19.79,0.0219,-0.031,-0.0025,0.9254,0.008,False,True,True,False
2884,PRE,WAIT,PRE 佈局型：等待突破確認，小倉觀察，不主動重倉,100,32.55,32.77,32.73,32.49,33.1,0.0137,-0.0061,0.014,1.3271,0.0081,True,True,False,False
2887,PRE,WAIT,PRE 佈局型：等待突破確認，小倉觀察，不主動重倉,100,23.95,23.96,24.23,24.2,23.99,0.0231,-0.0144,-0.0204,1.1847,0.0055,False,True,False,False
2892,PRE,WAIT,PRE 佈局型：等待突破確認，小倉觀察，不主動重倉,100,28.3,28.56,28.63,28.58,28.95,0.0125,-0.0174,-0.0139,1.0628,0.0012,True,True,False,False
2901,PRE,WAIT,PRE 佈局型：等待突破確認，小倉觀察，不主動重倉,100,22.8,23.19,23.41,23.52,23.95,0.0209,-0.0318,-0.038,1.1496,0.0095,False,True,True,False
2903,PRE,WAIT,PRE 佈局型：等待突破確認，小倉觀察，不主動重倉,100,22.2,22.48,22.72,22.84,22.75,0.0143,-0.0369,-0.0284,0.8083,0.0107,False,True,False,False
2947,PRE,WAIT,PRE 佈局型：等待突破確認，小倉觀察，不主動重倉,100,78.1,78.1,77.89,78.08,78.97,0.0081,0.0039,-0.0038,1.1885,0.0013,True,True,False,False
3015,PRE,WAIT,PRE 佈局型：等待突破確認，小倉觀察，不主動重倉,100,50.5,50.86,50.82,50.6,52.13,0.0229,-0.0039,-0.0117,0.9503,0.0048,False,True,False,False
3032,PRE,WAIT,PRE 佈局型：等待突破確認，小倉觀察，不主動重倉,100,64.2,63.44,62.51,62.96,67.44,0.0342,0.0388,-0.0153,1.2078,0.0072,False,True,False,False
3033,PRE,WAIT,PRE 佈局型：等待突破確認，小倉觀察，不主動重倉,100,34.6,34.83,34.57,33.59,32.08,0.0277,-0.0014,0.0344,0.7561,0.0319,False,True,False,False
3052,PRE,WAIT,PRE 佈局型：等待突破確認，小倉觀察，不主動重倉,100,10.75,10.91,10.98,11.0,11.28,0.0121,-0.0271,-0.0227,1.2563,0.0051,False,True,False,False
3158,PRE,WAIT,PRE 佈局型：等待突破確認，小倉觀察，不主動重倉,100,89.3,89.3,89.81,90.15,90.6,0.0178,-0.0067,-0.0165,0.7799,0.0067,False,True,False,False
3164,PRE,WAIT,PRE 佈局型：等待突破確認，小倉觀察，不主動重倉,100,17.85,17.9,17.93,18.09,18.07,0.0186,-0.0056,-0.0219,1.2407,0.0098,False,True,True,False
3232,PRE,WAIT,PRE 佈局型：等待突破確認，小倉觀察，不主動重倉,100,21.4,21.4,21.77,22.05,22.52,0.015,-0.0183,-0.051,1.0316,0.0217,False,True,False,False
3266,PRE,WAIT,PRE 佈局型：等待突破確認，小倉觀察，不主動重倉,100,13.55,13.8,13.85,13.59,13.64,0.0207,-0.0424,0.0112,1.1898,0.0175,False,True,False,False
3285,PRE,WAIT,PRE 佈局型：等待突破確認，小倉觀察，不主動重倉,100,28.5,28.5,28.33,28.45,28.57,0.0233,0.016,0.0106,0.797,0.0029,False,True,False,False
3293,PRE,WAIT,PRE 佈局型：等待突破確認，小倉觀察，不主動重倉,100,748.0,748.0,760.8,762.9,732.97,0.0265,-0.0066,-0.0248,1.2171,0.0114,False,True,False,False
3346,PRE,WAIT,PRE 佈局型：等待突破確認，小倉觀察，不主動重倉,100,17.8,18.22,18.22,18.27,19.98,0.0232,-0.0352,-0.0607,1.264,0.0027,False,True,False,False
3373,PRE,WAIT,PRE 佈局型：等待突破確認，小倉觀察，不主動重倉,100,16.9,16.9,16.91,16.99,17.44,0.0143,0.0,-0.0203,0.9751,0.0049,False,True,False,False
3426,PRE,WAIT,PRE 佈局型：等待突破確認，小倉觀察，不主動重倉,100,47.65,47.65,47.65,47.64,46.97,0.0006,-0.0,0.0032,1.0699,0.0003,True,True,False,False
3501,PRE,WAIT,PRE 佈局型：等待突破確認，小倉觀察，不主動重倉,100,47.35,47.9,47.94,47.79,50.04,0.0187,-0.0125,-0.0094,1.1153,0.0027,False,True,True,False
3512,PRE,WAIT,PRE 佈局型：等待突破確認，小倉觀察，不主動重倉,100,21.35,21.35,21.62,21.56,21.02,0.0148,-0.0184,-0.0047,0.8178,0.0063,True,True,False,False
3541,PRE,WAIT,PRE 佈局型：等待突破確認，小倉觀察，不主動重倉,100,23.45,23.45,23.67,23.84,24.49,0.0098,-0.0126,-0.033,1.3443,0.0119,False,True,False,False
3546,PRE,WAIT,PRE 佈局型：等待突破確認，小倉觀察，不主動重倉,100,70.9,70.9,70.69,70.39,70.84,0.0206,-0.0,0.0114,0.8262,0.0058,True,True,False,False
3557,PRE,WAIT,PRE 佈局型：等待突破確認，小倉觀察，不主動重倉,100,30.5,31.34,31.31,30.83,32.46,0.0239,-0.0379,0.0,1.4724,0.0162,False,True,True,False
3632,PRE,WAIT,PRE 佈局型：等待突破確認，小倉觀察，不主動重倉,100,8.78,8.78,8.88,9.05,9.39,0.014,-0.0168,-0.1077,1.4699,0.0245,False,True,False,False
3666,PRE,WAIT,PRE 佈局型：等待突破確認，小倉觀察，不主動重倉,100,26.4,26.4,25.57,25.57,26.59,0.0251,0.0667,0.0057,1.3871,0.0158,True,True,False,False
3679,PRE,WAIT,PRE 佈局型：等待突破確認，小倉觀察，不主動重倉,100,119.0,120.5,121.15,119.88,117.64,0.0164,-0.0246,-0.0083,1.4879,0.008,False,True,False,False
4111,PRE,WAIT,PRE 佈局型：等待突破確認，小倉觀察，不主動重倉,100,29.45,29.45,29.38,29.36,29.54,0.0066,0.0051,0.0051,1.1977,0.002,True,True,False,False
4114,PRE,WAIT,PRE 佈局型：等待突破確認，小倉觀察，不主動重倉,100,30.8,30.8,31.13,31.26,31.59,0.0104,-0.0065,-0.0144,0.9416,0.0096,False,True,False,False
4116,PRE,WAIT,PRE 佈局型：等待突破確認，小倉觀察，不主動重倉,100,39.95,39.95,40.23,40.06,40.78,0.0209,0.0063,0.0114,1.3755,0.0034,False,True,False,False
4137,PRE,WAIT,PRE 佈局型：等待突破確認，小倉觀察，不主動重倉,100,106.0,107.7,108.65,107.55,107.77,0.0189,-0.0407,-0.0185,0.9791,0.0059,False,True,False,False
4175,PRE,WAIT,PRE 佈局型：等待突破確認，小倉觀察，不主動重倉,100,54.4,54.4,54.94,55.23,55.75,0.0145,-0.0163,-0.0145,0.9323,0.0103,False,True,False,False
4190,PRE,WAIT,PRE 佈局型：等待突破確認，小倉觀察，不主動重倉,100,26.2,26.39,26.74,26.97,28.37,0.0126,-0.0296,-0.0542,0.9389,0.0156,False,True,True,False
4303,PRE,WAIT,PRE 佈局型：等待突破確認，小倉觀察，不主動重倉,100,53.9,53.9,54.18,54.23,55.78,0.026,0.0019,-0.0253,1.1164,0.0035,False,True,False,False
4440,PRE,WAIT,PRE 佈局型：等待突破確認，小倉觀察，不主動重倉,100,17.85,17.88,17.85,17.57,17.5,0.0197,-0.0165,0.0288,0.8746,0.0169,False,True,False,False
4523,PRE,WAIT,PRE 佈局型：等待突破確認，小倉觀察，不主動重倉,100,30.6,30.6,30.6,30.31,30.92,0.0246,-0.0,0.0251,0.7814,0.0096,True,True,False,False
4538,PRE,WAIT,PRE 佈局型：等待突破確認，小倉觀察，不主動重倉,100,18.3,18.3,18.49,18.67,18.6,0.0204,-0.0081,-0.0343,1.2269,0.015,False,True,False,False
4702,PRE,WAIT,PRE 佈局型：等待突破確認，小倉觀察，不主動重倉,100,9.73,9.73,9.84,9.92,9.97,0.0113,-0.0132,-0.0318,0.9576,0.0142,False,True,False,False
4736,PRE,WAIT,PRE 佈局型：等待突破確認，小倉觀察，不主動重倉,100,125.5,126.6,126.15,124.72,126.54,0.0173,0.0,0.0121,1.0258,0.0131,False,True,False,False
4915,PRE,WAIT,PRE 佈局型：等待突破確認，小倉觀察，不主動重倉,100,73.0,73.9,74.01,73.05,75.53,0.0197,-0.028,0.0153,0.8333,0.0123,False,True,False,False
4987,PRE,WAIT,PRE 佈局型：等待突破確認，小倉觀察，不主動重倉,100,81.5,81.5,81.49,81.42,81.06,0.0012,0.0012,0.0037,0.8974,0.001,True,True,False,False
5213,PRE,WAIT,PRE 佈局型：等待突破確認，小倉觀察，不主動重倉,100,25.9,25.9,26.1,26.48,25.98,0.013,-0.0152,-0.0372,1.1555,0.0184,False,True,False,False
5278,PRE,WAIT,PRE 佈局型：等待突破確認，小倉觀察，不主動重倉,100,23.65,23.65,23.45,23.63,25.96,0.0302,0.0064,-0.0464,1.4108,0.0043,False,True,False,False
5283,PRE,WAIT,PRE 佈局型：等待突破確認，小倉觀察，不主動重倉,100,53.7,54.86,54.9,54.75,57.43,0.0167,-0.0307,-0.0512,1.4547,0.0025,False,True,False,False
5306,PRE,WAIT,PRE 佈局型：等待突破確認，小倉觀察，不主動重倉,100,82.5,83.96,84.42,85.4,89.31,0.0155,-0.0225,-0.073,1.3493,0.0146,False,True,False,False
5312,PRE,WAIT,PRE 佈局型：等待突破確認，小倉觀察，不主動重倉,100,97.2,97.2,97.97,97.93,98.17,0.012,-0.0021,0.0,0.9017,0.004,True,True,False,False
5348,PRE,WAIT,PRE 佈局型：等待突破確認，小倉觀察，不主動重倉,100,17.0,17.11,17.05,17.07,17.08,0.0104,0.0,-0.0116,1.495,0.0016,True,True,False,False
5478,PRE,WAIT,PRE 佈局型：等待突破確認，小倉觀察，不主動重倉,100,97.0,97.0,97.97,98.72,102.92,0.0127,-0.0122,-0.0348,0.9174,0.0128,False,True,False,False
5548,PRE,WAIT,PRE 佈局型：等待突破確認，小倉觀察，不主動重倉,100,23.65,23.65,23.79,24.29,23.83,0.016,-0.0084,-0.0615,0.9644,0.0244,False,True,False,False
5609,PRE,WAIT,PRE 佈局型：等待突破確認，小倉觀察，不主動重倉,100,78.0,78.0,78.69,78.91,78.86,0.0088,-0.0102,-0.0139,1.3097,0.0073,True,True,False,False
5876,PRE,WAIT,PRE 佈局型：等待突破確認，小倉觀察，不主動重倉,100,39.8,39.86,39.75,39.59,39.53,0.0107,-0.0013,0.0063,1.4228,0.0053,True,True,False,False
5878,PRE,WAIT,PRE 佈局型：等待突破確認，小倉觀察，不主動重倉,100,40.8,40.8,40.9,40.98,41.37,0.0039,-0.0073,-0.0145,1.0737,0.0032,True,True,False,False
6020,PRE,WAIT,PRE 佈局型：等待突破確認，小倉觀察，不主動重倉,100,19.25,19.25,19.24,19.28,19.27,0.0096,0.0,-0.0128,1.2474,0.0017,True,True,False,False
6115,PRE,WAIT,PRE 佈局型：等待突破確認，小倉觀察，不主動重倉,100,48.05,47.91,47.76,47.36,47.12,0.0098,0.0052,0.0234,1.4186,0.0098,True,True,False,False
6161,PRE,WAIT,PRE 佈局型：等待突破確認，小倉觀察，不主動重倉,100,41.45,41.45,41.73,41.36,42.0,0.0159,-0.0012,0.0337,0.8416,0.0054,False,True,False,False
6177,PRE,WAIT,PRE 佈局型：等待突破確認，小倉觀察，不主動重倉,100,45.8,45.43,45.77,46.58,47.35,0.0205,0.0011,-0.0498,1.255,0.0215,False,True,False,False
6184,PRE,WAIT,PRE 佈局型：等待突破確認，小倉觀察，不主動重倉,100,47.3,47.38,47.5,47.57,47.88,0.0078,-0.0053,-0.0136,1.4211,0.0027,True,True,True,False
6185,PRE,WAIT,PRE 佈局型：等待突破確認，小倉觀察，不主動重倉,100,14.25,14.25,14.24,14.11,14.3,0.0211,0.0,0.0215,1.3065,0.0098,False,True,False,False
6189,PRE,WAIT,PRE 佈局型：等待突破確認，小倉觀察，不主動重倉,100,46.75,47.53,47.33,46.41,46.27,0.0224,-0.0095,-0.0179,0.908,0.0217,False,True,False,False
6516,PRE,WAIT,PRE 佈局型：等待突破確認，小倉觀察，不主動重倉,100,60.8,60.8,61.15,61.38,62.27,0.0228,-0.0065,0.0083,1.4606,0.0066,False,True,False,False
6541,PRE,WAIT,PRE 佈局型：等待突破確認，小倉觀察，不主動重倉,100,40.1,40.57,40.7,41.06,45.32,0.0316,-0.022,-0.0441,1.4352,0.0107,False,True,False,False
6570,PRE,WAIT,PRE 佈局型：等待突破確認，小倉觀察，不主動重倉,100,39.0,39.0,39.15,39.14,39.21,0.0219,-0.0102,0.0277,0.9602,0.002,False,True,False,False
6579,PRE,WAIT,PRE 佈局型：等待突破確認，小倉觀察，不主動重倉,100,117.0,118.3,117.85,116.5,114.41,0.0259,-0.0085,0.013,0.8989,0.0135,False,True,False,False
6598,PRE,WAIT,PRE 佈局型：等待突破確認，小倉觀察，不主動重倉,100,21.95,22.18,22.46,22.65,23.81,0.032,-0.0373,-0.0911,0.8766,0.0153,False,True,True,False
6637,PRE,WAIT,PRE 佈局型：等待突破確認，小倉觀察，不主動重倉,100,72.3,72.3,72.15,72.0,73.86,0.0118,0.0056,0.007,0.8272,0.0032,True,True,False,False
6692,PRE,WAIT,PRE 佈局型：等待突破確認，小倉觀察，不主動重倉,100,32.35,32.35,32.35,32.32,31.34,0.0325,0.0,0.0572,0.9364,0.0009,False,True,False,False
6771,PRE,WAIT,PRE 佈局型：等待突破確認，小倉觀察，不主動重倉,100,45.6,45.77,45.16,44.65,44.31,0.0153,0.0066,0.0375,0.9367,0.0178,False,True,False,False
6790,PRE,WAIT,PRE 佈局型：等待突破確認，小倉觀察，不主動重倉,100,39.55,39.78,40.03,40.37,39.45,0.0107,-0.0162,-0.0174,0.9562,0.0117,False,True,True,False
6811,PRE,WAIT,PRE 佈局型：等待突破確認，小倉觀察，不主動重倉,100,194.0,194.0,194.6,191.9,196.25,0.0198,-0.0051,0.043,0.9185,0.0124,True,True,False,False
6844,PRE,WAIT,PRE 佈局型：等待突破確認，小倉觀察，不主動重倉,100,64.2,64.2,63.29,63.45,64.7,0.0152,0.0272,0.0142,1.1168,0.0071,True,True,False,False
6846,PRE,WAIT,PRE 佈局型：等待突破確認，小倉觀察，不主動重倉,100,69.0,69.0,69.75,70.42,71.61,0.0228,-0.0185,-0.0309,1.1672,0.0151,False,True,False,False
6936,PRE,WAIT,PRE 佈局型：等待突破確認，小倉觀察，不主動重倉,100,34.6,35.01,35.25,34.91,35.17,0.0145,-0.0308,0.0087,1.3687,0.0064,False,True,True,False
6951,PRE,WAIT,PRE 佈局型：等待突破確認，小倉觀察，不主動重倉,100,79.6,80.28,80.45,79.65,77.9,0.0124,-0.0305,0.0013,1.3253,0.009,False,True,False,False
6961,PRE,WAIT,PRE 佈局型：等待突破確認，小倉觀察，不主動重倉,100,58.3,58.3,57.95,57.6,57.95,0.0136,0.0052,0.0246,1.291,0.009,True,True,False,False
7708,PRE,WAIT,PRE 佈局型：等待突破確認，小倉觀察，不主動重倉,100,91.7,91.7,91.89,92.06,92.64,0.0031,0.0,-0.0054,1.225,0.0029,True,True,False,False
7713,PRE,WAIT,PRE 佈局型：等待突破確認，小倉觀察，不主動重倉,100,67.9,67.9,67.56,67.43,69.65,0.0169,0.0104,0.0089,0.8786,0.0044,True,True,False,False
7767,PRE,WAIT,PRE 佈局型：等待突破確認，小倉觀察，不主動重倉,100,44.75,44.75,44.7,44.51,45.57,0.0138,0.0056,-0.0011,1.109,0.0049,True,True,False,False
7791,PRE,WAIT,PRE 佈局型：等待突破確認，小倉觀察，不主動重倉,100,65.2,65.84,65.67,65.82,67.62,0.0159,-0.0151,-0.0195,0.9798,0.0013,False,True,False,False
8071,PRE,WAIT,PRE 佈局型：等待突破確認，小倉觀察，不主動重倉,100,16.4,16.4,16.37,16.25,16.79,0.0247,0.038,0.025,1.4656,0.0084,False,True,False,False
8080,PRE,WAIT,PRE 佈局型：等待突破確認，小倉觀察，不主動重倉,100,28.3,28.3,28.44,28.75,30.25,0.0204,-0.0053,-0.0208,1.4521,0.0135,False,True,False,False
8083,PRE,WAIT,PRE 佈局型：等待突破確認，小倉觀察，不主動重倉,100,176.0,176.0,175.45,172.88,171.79,0.0129,0.0,0.0699,0.9783,0.0162,True,True,False,False
8284,PRE,WAIT,PRE 佈局型：等待突破確認，小倉觀察，不主動重倉,100,64.0,64.0,63.93,63.83,63.26,0.0079,0.0047,0.0,1.3519,0.0021,True,True,False,False
8341,PRE,WAIT,PRE 佈局型：等待突破確認，小倉觀察，不主動重倉,100,74.9,75.34,75.65,75.95,77.03,0.0115,-0.0183,-0.0247,1.3414,0.006,False,True,True,False
8411,PRE,WAIT,PRE 佈局型：等待突破確認，小倉觀察，不主動重倉,100,12.15,12.2,12.29,12.29,12.23,0.0142,-0.0162,-0.0122,1.229,0.0037,True,True,False,False
8423,PRE,WAIT,PRE 佈局型：等待突破確認，小倉觀察，不主動重倉,100,17.95,17.95,18.11,18.19,18.51,0.0187,-0.0245,-0.0349,1.2762,0.0091,False,True,False,False
8432,PRE,WAIT,PRE 佈局型：等待突破確認，小倉觀察，不主動重倉,100,50.1,50.1,50.79,51.05,52.74,0.0179,-0.0196,-0.0272,1.316,0.0121,False,True,False,False
8481,PRE,WAIT,PRE 佈局型：等待突破確認，小倉觀察，不主動重倉,100,41.4,41.71,41.85,41.91,41.95,0.0075,-0.0166,-0.0143,1.2055,0.0032,True,True,True,False
8916,PRE,WAIT,PRE 佈局型：等待突破確認，小倉觀察，不主動重倉,100,47.35,47.35,47.74,47.67,47.75,0.0126,-0.0135,0.0011,0.7527,0.0041,True,True,False,False
8917,PRE,WAIT,PRE 佈局型：等待突破確認，小倉觀察，不主動重倉,100,52.3,52.3,52.22,52.62,55.44,0.0256,-0.0132,-0.0076,1.3795,0.0069,False,True,False,False
8936,PRE,WAIT,PRE 佈局型：等待突破確認，小倉觀察，不主動重倉,100,50.1,50.1,50.23,50.29,51.65,0.0183,0.003,-0.0157,0.9389,0.0026,False,True,False,False
9907,PRE,WAIT,PRE 佈局型：等待突破確認，小倉觀察，不主動重倉,100,17.75,17.84,17.94,18.15,18.31,0.0142,-0.0139,-0.0139,1.2521,0.0149,False,True,True,False
9917,PRE,WAIT,PRE 佈局型：等待突破確認，小倉觀察，不主動重倉,100,114.0,115.1,115.45,115.0,110.32,0.0123,-0.0215,0.0,0.9219,0.0024,True,True,False,False
9934,PRE,WAIT,PRE 佈局型：等待突破確認，小倉觀察，不主動重倉,100,9.42,9.54,9.57,9.48,9.78,0.015,-0.0218,-0.0063,1.4235,0.0081,False,True,False,False
9937,PRE,WAIT,PRE 佈局型：等待突破確認，小倉觀察，不主動重倉,100,56.4,57.06,57.1,56.88,57.54,0.0111,-0.0191,-0.0035,1.0291,0.0035,True,True,True,False
9940,PRE,WAIT,PRE 佈局型：等待突破確認，小倉觀察，不主動重倉,100,19.95,19.95,20.03,20.01,20.84,0.0123,-0.0075,-0.0099,1.207,0.0019,True,True,False,False
9941,PRE,WAIT,PRE 佈局型：等待突破確認，小倉觀察，不主動重倉,100,78.0,78.42,77.64,77.19,76.97,0.0171,-0.0038,0.0,1.0369,0.0108,True,True,False,False
9942,PRE,WAIT,PRE 佈局型：等待突破確認，小倉觀察，不主動重倉,100,116.5,117.3,117.05,116.2,115.16,0.0114,-0.0085,0.0219,1.0277,0.0084,True,True,False,False
9944,PRE,WAIT,PRE 佈局型：等待突破確認，小倉觀察，不主動重倉,100,16.45,16.55,16.59,16.48,16.6,0.0122,-0.015,0.003,0.8283,0.0053,True,True,True,False
1231,PRE,WAIT,PRE 佈局型：等待突破確認，小倉觀察，不主動重倉,90,86.9,88.4,89.18,90.81,90.65,0.0154,-0.0366,-0.0513,1.4057,0.0233,False,False,False,False
1434,PRE,WAIT,PRE 佈局型：等待突破確認，小倉觀察，不主動重倉,90,15.75,16.25,16.54,16.56,16.9,0.0225,-0.0625,-0.0337,1.2659,0.0103,False,False,False,False
2013,PRE,WAIT,PRE 佈局型：等待突破確認，小倉觀察，不主動重倉,90,42.4,43.43,43.73,43.98,43.21,0.0159,-0.0375,-0.0609,1.4248,0.0096,False,False,False,False
2434,PRE,WAIT,PRE 佈局型：等待突破確認，小倉觀察，不主動重倉,90,30.5,30.25,29.83,29.46,29.59,0.0148,0.0321,0.0445,0.8212,0.0189,True,False,False,False
2646,PRE,WAIT,PRE 佈局型：等待突破確認，小倉觀察，不主動重倉,90,20.15,20.56,20.79,20.97,21.97,0.0141,-0.0382,-0.0693,1.4966,0.0145,False,False,False,False
2723,PRE,WAIT,PRE 佈局型：等待突破確認，小倉觀察，不主動重倉,90,63.9,65.46,66.33,67.61,71.34,0.0275,-0.0405,-0.0923,1.3268,0.0268,False,False,False,False
3296,PRE,WAIT,PRE 佈局型：等待突破確認，小倉觀察，不主動重倉,90,20.1,20.69,21.1,21.39,22.71,0.0226,-0.0563,-0.0694,1.4684,0.0246,False,False,True,False
3703,PRE,WAIT,PRE 佈局型：等待突破確認，小倉觀察，不主動重倉,90,20.95,21.27,21.67,22.02,22.42,0.016,-0.0412,-0.095,1.0029,0.026,False,False,True,False
4552,PRE,WAIT,PRE 佈局型：等待突破確認，小倉觀察，不主動重倉,90,20.25,20.7,21.02,21.02,22.43,0.0195,-0.0448,-0.0493,1.485,0.0079,False,False,True,False
6605,PRE,WAIT,PRE 佈局型：等待突破確認，小倉觀察，不主動重倉,90,127.0,128.9,130.15,132.45,140.62,0.0215,-0.0193,-0.0896,1.341,0.023,False,False,False,False
2908,PRE,WAIT,PRE 佈局型：等待突破確認，小倉觀察，不主動重倉,85,20.5,20.35,20.27,20.15,20.22,0.0095,0.0099,0.0302,1.2632,0.0078,True,True,False,True
5906,PRE,WAIT,PRE 佈局型：等待突破確認，小倉觀察，不主動重倉,85,50.0,49.83,49.63,48.71,49.87,0.012,0.0142,0.0428,1.1533,0.0205,True,True,False,True
6026,PRE,WAIT,PRE 佈局型：等待突破確認，小倉觀察，不主動重倉,85,15.35,15.35,15.06,14.92,14.64,0.0155,0.0302,0.0372,1.2934,0.0186,True,True,False,True
1104,PRE,WAIT,PRE 佈局型：等待突破確認，小倉觀察，不主動重倉,80,28.6,28.96,29.12,29.3,29.52,0.0159,-0.0256,-0.0338,1.6881,0.009,False,True,False,False
1108,PRE,WAIT,PRE 佈局型：等待突破確認，小倉觀察，不主動重倉,80,14.55,14.67,14.76,14.79,14.99,0.01,-0.0235,-0.03,0.4867,0.0052,True,True,False,False
1110,PRE,WAIT,PRE 佈局型：等待突破確認，小倉觀察，不主動重倉,80,14.95,15.18,15.4,15.24,15.77,0.0276,-0.0568,-0.0132,1.5207,0.0074,False,True,True,False
1217,PRE,WAIT,PRE 佈局型：等待突破確認，小倉觀察，不主動重倉,80,10.05,10.29,10.32,10.31,10.39,0.0119,-0.0337,-0.0099,2.0108,0.0012,False,True,False,False
1218,PRE,WAIT,PRE 佈局型：等待突破確認，小倉觀察，不主動重倉,80,18.8,18.9,19.06,19.22,18.72,0.0118,-0.0131,-0.0208,0.5627,0.0126,False,True,False,False
1264,PRE,WAIT,PRE 佈局型：等待突破確認，小倉觀察，不主動重倉,80,273.5,273.5,274.8,276.27,279.18,0.0067,-0.0073,-0.0215,0.3689,0.0078,True,True,False,False
1341,PRE,WAIT,PRE 佈局型：等待突破確認，小倉觀察，不主動重倉,80,61.0,60.94,60.56,59.74,59.34,0.0136,0.0116,0.0445,0.4574,0.0166,True,True,False,False
1402,PRE,WAIT,PRE 佈局型：等待突破確認，小倉觀察，不主動重倉,80,26.15,26.08,26.25,26.4,27.46,0.0174,-0.0057,0.0077,0.7181,0.0091,False,True,False,False
1417,PRE,WAIT,PRE 佈局型：等待突破確認，小倉觀察，不主動重倉,80,8.9,8.97,8.99,9.05,8.88,0.0151,-0.0067,-0.0294,0.354,0.0084,False,True,False,False
1423,PRE,WAIT,PRE 佈局型：等待突破確認，小倉觀察，不主動重倉,80,41.8,41.76,41.02,40.5,39.29,0.0172,0.0347,0.0398,0.3287,0.0214,True,True,False,False
1437,PRE,WAIT,PRE 佈局型：等待突破確認，小倉觀察，不主動重倉,80,30.15,30.34,30.44,30.52,31.51,0.0135,-0.0115,-0.0195,0.6458,0.0042,False,True,False,False
1446,PRE,WAIT,PRE 佈局型：等待突破確認，小倉觀察，不主動重倉,80,16.0,16.31,16.4,16.49,16.62,0.0209,-0.0332,-0.0643,1.753,0.0086,False,True,False,False
1463,PRE,WAIT,PRE 佈局型：等待突破確認，小倉觀察，不主動重倉,80,17.95,17.93,17.96,17.94,17.86,0.0163,-0.0028,0.0056,8.6909,0.0007,True,True,True,False
1535,PRE,WAIT,PRE 佈局型：等待突破確認，小倉觀察，不主動重倉,80,51.5,51.58,51.78,52.24,51.45,0.0133,-0.0134,-0.0338,0.6384,0.0109,False,True,False,False
1558,PRE,WAIT,PRE 佈局型：等待突破確認，小倉觀察，不主動重倉,80,91.7,92.6,92.89,92.65,94.87,0.0109,-0.0213,-0.0224,2.6316,0.0016,True,True,False,False
1580,PRE,WAIT,PRE 佈局型：等待突破確認，小倉觀察，不主動重倉,80,123.0,123.0,123.35,125.85,128.78,0.0108,0.0082,-0.0502,0.7213,0.0217,False,True,False,False
1603,PRE,WAIT,PRE 佈局型：等待突破確認，小倉觀察，不主動重倉,80,31.8,32.41,32.51,32.36,36.16,0.0186,-0.0305,-0.0422,0.5802,0.003,False,True,True,False
1614,PRE,WAIT,PRE 佈局型：等待突破確認，小倉觀察，不主動重倉,80,32.1,32.21,32.17,32.05,32.99,0.0137,-0.0062,-0.0093,0.3925,0.0043,True,True,False,False
1704,PRE,WAIT,PRE 佈局型：等待突破確認，小倉觀察，不主動重倉,80,53.1,53.1,52.99,52.9,52.37,0.0017,0.0038,0.0076,0.0,0.0026,True,True,False,False
1726,PRE,WAIT,PRE 佈局型：等待突破確認，小倉觀察，不主動重倉,80,76.4,76.56,76.28,75.75,75.97,0.0068,-0.0013,0.0092,0.3438,0.0088,True,True,False,False
1731,PRE,WAIT,PRE 佈局型：等待突破確認，小倉觀察，不主動重倉,80,21.8,21.74,21.8,21.78,21.87,0.0056,-0.0023,0.0,0.5357,0.0014,True,True,False,False
1742,PRE,WAIT,PRE 佈局型：等待突破確認，小倉觀察，不主動重倉,80,15.9,15.9,15.89,16.01,16.49,0.0245,0.0225,-0.0275,0.1938,0.0069,False,True,False,False
1752,PRE,WAIT,PRE 佈局型：等待突破確認，小倉觀察，不主動重倉,80,35.0,35.27,35.46,35.67,36.3,0.0089,-0.0155,-0.0318,0.7118,0.0088,False,True,False,False
1777,PRE,WAIT,PRE 佈局型：等待突破確認，小倉觀察，不主動重倉,80,70.9,70.9,70.98,71.24,71.78,0.0068,-0.0,-0.0166,0.6421,0.0042,True,True,False,False
1808,PRE,WAIT,PRE 佈局型：等待突破確認，小倉觀察，不主動重倉,80,30.8,30.23,30.14,30.45,30.91,0.0254,0.025,-0.016,2.0925,0.0086,False,True,False,False
2010,PRE,WAIT,PRE 佈局型：等待突破確認，小倉觀察，不主動重倉,80,24.25,24.66,24.93,25.02,23.47,0.0189,-0.0281,-0.0601,1.7297,0.0092,False,True,False,False
2024,PRE,WAIT,PRE 佈局型：等待突破確認，小倉觀察，不主動重倉,80,14.4,14.41,14.54,14.63,15.32,0.0161,-0.0368,-0.027,1.8382,0.0104,False,True,True,False
2028,PRE,WAIT,PRE 佈局型：等待突破確認，小倉觀察，不主動重倉,80,18.05,18.58,18.79,18.52,18.54,0.0298,-0.0574,-0.0296,0.6923,0.0091,False,True,True,False
2069,PRE,WAIT,PRE 佈局型：等待突破確認，小倉觀察，不主動重倉,80,18.8,18.87,18.67,18.66,18.95,0.0223,0.0162,-0.0027,0.7194,0.0057,False,True,False,False
2102,PRE,WAIT,PRE 佈局型：等待突破確認，小倉觀察，不主動重倉,80,19.2,19.35,19.4,19.59,19.64,0.024,0.0159,-0.0026,1.5053,0.0112,False,True,False,False
2107,PRE,WAIT,PRE 佈局型：等待突破確認，小倉觀察，不主動重倉,80,26.0,26.05,25.96,25.67,25.31,0.0111,-0.0019,0.0297,1.7626,0.0129,True,True,False,False
2206,PRE,WAIT,PRE 佈局型：等待突破確認，小倉觀察，不主動重倉,80,56.6,56.6,57.75,58.43,59.19,0.0193,-0.0341,-0.0258,1.8626,0.0223,False,True,False,False
2390,PRE,WAIT,PRE 佈局型：等待突破確認，小倉觀察，不主動重倉,80,9.94,10.14,10.12,10.16,10.29,0.0251,-0.0158,-0.0488,1.5533,0.0036,False,True,False,False
2430,PRE,WAIT,PRE 佈局型：等待突破確認，小倉觀察，不主動重倉,80,21.0,21.42,21.57,21.68,22.34,0.0093,-0.0345,-0.0411,2.3032,0.0087,False,True,False,False
2433,PRE,WAIT,PRE 佈局型：等待突破確認，小倉觀察，不主動重倉,80,45.6,45.81,45.83,45.74,46.29,0.0095,-0.0087,-0.0055,1.621,0.0018,True,True,True,False
2439,PRE,WAIT,PRE 佈局型：等待突破確認，小倉觀察，不主動重倉,80,86.7,87.92,88.05,86.72,91.31,0.024,-0.0367,0.0188,1.6246,0.0145,False,True,False,False
2480,PRE,WAIT,PRE 佈局型：等待突破確認，小倉觀察，不主動重倉,80,139.5,139.9,139.65,139.7,141.03,0.0161,-0.0071,-0.0141,1.5813,0.0009,True,True,False,False
2482,PRE,WAIT,PRE 佈局型：等待突破確認，小倉觀察，不主動重倉,80,17.35,17.69,17.48,17.23,17.35,0.0239,-0.0198,-0.0086,0.6159,0.0203,False,True,False,False
2509,PRE,WAIT,PRE 佈局型：等待突破確認，小倉觀察，不主動重倉,80,13.9,14.03,14.2,14.19,14.4,0.0158,-0.0414,-0.0246,1.5222,0.0061,False,True,False,False
2511,PRE,WAIT,PRE 佈局型：等待突破確認，小倉觀察，不主動重倉,80,8.01,8.07,8.14,8.12,8.22,0.0092,-0.0148,-0.0148,1.5154,0.0045,False,True,True,False
2514,PRE,WAIT,PRE 佈局型：等待突破確認，小倉觀察，不主動重倉,80,13.35,13.4,13.44,13.47,14.13,0.0133,-0.0111,-0.022,0.5664,0.0039,True,True,True,False
2520,PRE,WAIT,PRE 佈局型：等待突破確認，小倉觀察，不主動重倉,80,31.0,31.19,31.07,31.37,31.81,0.0215,-0.0016,-0.0159,0.6161,0.0077,False,True,False,False
2536,PRE,WAIT,PRE 佈局型：等待突破確認，小倉觀察，不主動重倉,80,21.85,21.99,22.16,22.25,22.68,0.015,-0.0224,-0.0246,0.2257,0.0077,False,True,False,False
2538,PRE,WAIT,PRE 佈局型：等待突破確認，小倉觀察，不主動重倉,80,10.0,10.04,10.06,10.07,10.36,0.0136,-0.0099,-0.0196,2.026,0.0018,True,True,False,False
2608,PRE,WAIT,PRE 佈局型：等待突破確認，小倉觀察，不主動重倉,80,30.25,30.66,30.8,30.86,31.6,0.0111,-0.0194,-0.0258,2.0685,0.0042,False,True,False,False
2636,PRE,WAIT,PRE 佈局型：等待突破確認，小倉觀察，不主動重倉,80,67.1,67.76,67.87,68.19,67.15,0.0151,-0.0089,-0.0247,0.7374,0.0055,False,True,False,False
2643,PRE,WAIT,PRE 佈局型：等待突破確認，小倉觀察，不主動重倉,80,66.9,66.9,67.35,68.38,70.49,0.016,-0.0059,-0.063,0.7017,0.0187,False,True,False,False
2704,PRE,WAIT,PRE 佈局型：等待突破確認，小倉觀察，不主動重倉,80,41.75,42.66,42.88,42.57,42.91,0.0162,-0.0369,-0.0083,0.4024,0.0049,False,True,False,False
2727,PRE,WAIT,PRE 佈局型：等待突破確認，小倉觀察，不主動重倉,80,223.5,225.1,225.7,227.32,222.97,0.0116,-0.0111,-0.057,0.7305,0.0086,False,True,False,False
2729,PRE,WAIT,PRE 佈局型：等待突破確認，小倉觀察，不主動重倉,80,165.5,165.5,168.35,170.35,170.32,0.016,-0.0236,-0.0406,2.1051,0.0207,False,True,False,False
2762,PRE,WAIT,PRE 佈局型：等待突破確認，小倉觀察，不主動重倉,80,73.0,72.92,73.14,72.76,74.2,0.0116,-0.0108,0.0041,1.9344,0.0037,True,True,True,False
2812,PRE,WAIT,PRE 佈局型：等待突破確認，小倉觀察，不主動重倉,80,19.95,20.27,20.47,20.65,20.53,0.0122,-0.0292,-0.0316,2.5191,0.014,False,True,False,False
2906,PRE,WAIT,PRE 佈局型：等待突破確認，小倉觀察，不主動重倉,80,12.5,12.79,12.89,12.94,12.73,0.0158,-0.0385,-0.0566,2.2833,0.0076,False,True,False,False
2926,PRE,WAIT,PRE 佈局型：等待突破確認，小倉觀察，不主動重倉,80,37.6,37.6,36.97,37.31,37.53,0.0178,0.033,0.0121,2.2767,0.0084,True,True,False,False
2937,PRE,WAIT,PRE 佈局型：等待突破確認，小倉觀察，不主動重倉,80,43.75,43.75,44.1,44.35,44.87,0.0109,-0.0011,-0.0079,0.4759,0.0098,False,True,False,False
2939,PRE,WAIT,PRE 佈局型：等待突破確認，小倉觀察，不主動重倉,80,25.2,25.64,25.15,25.62,24.22,0.0324,-0.002,-0.0345,0.5875,0.0097,False,True,False,False
2945,PRE,WAIT,PRE 佈局型：等待突破確認，小倉觀察，不主動重倉,80,41.7,41.73,41.91,41.34,41.23,0.0182,-0.0142,0.0196,2.7113,0.0116,True,True,True,False
3118,PRE,WAIT,PRE 佈局型：等待突破確認，小倉觀察，不主動重倉,80,33.6,33.6,33.58,33.55,33.29,0.0157,0.0015,0.009,0.6004,0.0011,False,True,False,False
3213,PRE,WAIT,PRE 佈局型：等待突破確認，小倉觀察，不主動重倉,80,104.5,104.5,105.6,104.65,101.91,0.0191,-0.0048,0.0471,0.4716,0.0053,False,True,False,False
3310,PRE,WAIT,PRE 佈局型：等待突破確認，小倉觀察，不主動重倉,80,69.9,69.9,69.85,70.39,73.08,0.0288,0.0219,-0.0359,0.3486,0.0074,False,True,False,False
3332,PRE,WAIT,PRE 佈局型：等待突破確認，小倉觀察，不主動重倉,80,62.6,62.6,62.88,61.08,58.93,0.0262,-0.0264,0.132,0.6039,0.0265,False,True,False,False
3479,PRE,WAIT,PRE 佈局型：等待突破確認，小倉觀察，不主動重倉,80,90.7,90.7,91.8,90.45,89.54,0.0179,-0.0098,0.0633,0.5203,0.0088,False,True,False,False
3570,PRE,WAIT,PRE 佈局型：等待突破確認，小倉觀察，不主動重倉,80,163.0,163.0,163.8,163.97,170.2,0.0143,-0.0061,-0.0269,0.5161,0.0035,False,True,False,False
3646,PRE,WAIT,PRE 佈局型：等待突破確認，小倉觀察，不主動重倉,80,23.3,23.3,23.31,23.46,24.32,0.0143,0.0,-0.0372,0.7055,0.0065,False,True,False,False
3684,PRE,WAIT,PRE 佈局型：等待突破確認，小倉觀察，不主動重倉,80,58.1,58.1,58.07,58.22,59.23,0.0321,-0.0017,-0.0119,0.6883,0.0023,False,True,False,False
4106,PRE,WAIT,PRE 佈局型：等待突破確認，小倉觀察，不主動重倉,80,22.3,22.45,22.42,22.35,22.69,0.0105,-0.0089,-0.0022,0.7212,0.004,True,True,False,False
4126,PRE,WAIT,PRE 佈局型：等待突破確認，小倉觀察，不主動重倉,80,79.5,79.5,79.7,80.05,80.63,0.0101,0.0063,-0.0075,0.5639,0.0057,True,True,False,False
4161,PRE,WAIT,PRE 佈局型：等待突破確認，小倉觀察，不主動重倉,80,23.5,23.5,23.66,24.07,25.06,0.0193,-0.0105,-0.0349,0.2854,0.0209,False,True,False,False
4506,PRE,WAIT,PRE 佈局型：等待突破確認，小倉觀察，不主動重倉,80,117.0,117.0,118.2,118.75,116.64,0.0147,-0.0127,0.0,1.5037,0.0098,False,True,False,False
4527,PRE,WAIT,PRE 佈局型：等待突破確認，小倉觀察，不主動重倉,80,42.75,42.75,42.95,43.04,42.11,0.0119,0.0059,0.0035,0.7317,0.0044,True,True,False,False
4535,PRE,WAIT,PRE 佈局型：等待突破確認，小倉觀察，不主動重倉,80,27.65,27.65,27.86,28.06,28.37,0.0111,-0.0125,-0.0178,0.1428,0.0108,False,True,False,False
4536,PRE,WAIT,PRE 佈局型：等待突破確認，小倉觀察，不主動重倉,80,151.5,154.8,154.65,152.28,158.01,0.0177,-0.0319,0.0,1.682,0.0162,False,True,False,False
4554,PRE,WAIT,PRE 佈局型：等待突破確認，小倉觀察，不主動重倉,80,29.9,29.9,29.92,29.62,28.07,0.014,-0.0066,0.0293,0.4952,0.0095,True,True,False,False
4580,PRE,WAIT,PRE 佈局型：等待突破確認，小倉觀察，不主動重倉,80,79.6,79.6,79.86,79.85,80.57,0.0141,-0.0087,-0.0136,1.5183,0.0016,True,True,False,False
4728,PRE,WAIT,PRE 佈局型：等待突破確認，小倉觀察，不主動重倉,80,389.5,391.8,396.35,391.4,390.91,0.018,-0.0201,-0.0013,2.4383,0.0069,False,True,False,False
4974,PRE,WAIT,PRE 佈局型：等待突破確認，小倉觀察，不主動重倉,80,71.9,71.9,71.9,71.13,72.7,0.0189,-0.0204,0.0184,0.6984,0.0107,False,True,False,False
5009,PRE,WAIT,PRE 佈局型：等待突破確認，小倉觀察，不主動重倉,80,32.2,32.2,32.47,32.05,33.3,0.0337,0.0271,-0.0123,1.5592,0.0089,False,True,False,False
5013,PRE,WAIT,PRE 佈局型：等待突破確認，小倉觀察，不主動重倉,80,28.8,28.8,29.06,29.57,29.81,0.022,-0.0069,-0.04,2.7371,0.0222,False,True,False,False
5209,PRE,WAIT,PRE 佈局型：等待突破確認，小倉觀察，不主動重倉,80,163.0,163.0,164.0,164.85,167.64,0.0124,-0.0091,-0.0181,1.6993,0.0083,True,True,False,False
5215,PRE,WAIT,PRE 佈局型：等待突破確認，小倉觀察，不主動重倉,80,37.9,38.07,38.1,37.6,37.91,0.0182,-0.0117,-0.0026,0.5992,0.0129,True,True,False,False
5220,PRE,WAIT,PRE 佈局型：等待突破確認，小倉觀察，不主動重倉,80,20.2,20.2,20.43,20.09,19.44,0.0209,-0.0146,0.0466,0.3563,0.0111,False,True,False,False
5315,PRE,WAIT,PRE 佈局型：等待突破確認，小倉觀察，不主動重倉,80,22.3,22.3,22.65,22.73,23.45,0.0149,-0.0111,-0.0176,0.5736,0.0114,False,True,False,False
5487,PRE,WAIT,PRE 佈局型：等待突破確認，小倉觀察，不主動重倉,80,29.4,29.4,29.16,28.71,28.31,0.0344,0.0103,0.0519,1.8579,0.0193,False,True,False,False
5519,PRE,WAIT,PRE 佈局型：等待突破確認，小倉觀察，不主動重倉,80,33.0,32.84,33.05,33.18,32.53,0.0132,0.0,-0.0251,0.7118,0.0072,False,True,False,False
5538,PRE,WAIT,PRE 佈局型：等待突破確認，小倉觀察，不主動重倉,80,31.8,32.11,31.84,30.93,31.24,0.0223,-0.0063,0.0671,0.526,0.0329,False,True,False,False
5603,PRE,WAIT,PRE 佈局型：等待突破確認，小倉觀察，不主動重倉,80,16.5,16.5,16.55,16.69,17.31,0.0115,0.003,-0.0351,1.6416,0.0103,False,True,False,False
5607,PRE,WAIT,PRE 佈局型：等待突破確認，小倉觀察，不主動重倉,80,47.3,48.12,48.15,47.08,48.51,0.0215,-0.0177,0.0118,0.6515,0.0223,False,True,False,False
5903,PRE,WAIT,PRE 佈局型：等待突破確認，小倉觀察，不主動重倉,80,189.5,189.5,189.9,190.07,191.59,0.0041,-0.0026,0.0,0.6895,0.002,True,True,False,False
6005,PRE,WAIT,PRE 佈局型：等待突破確認，小倉觀察，不主動重倉,80,28.25,28.16,28.07,28.13,28.68,0.0238,0.0236,0.0018,1.8945,0.0016,False,True,False,False
6024,PRE,WAIT,PRE 佈局型：等待突破確認，小倉觀察，不主動重倉,80,55.1,55.56,56.05,56.05,53.92,0.0135,-0.023,0.0036,0.637,0.0044,False,True,False,False
6123,PRE,WAIT,PRE 佈局型：等待突破確認，小倉觀察，不主動重倉,80,43.85,43.85,43.15,43.02,43.39,0.0173,0.0281,0.0221,1.5146,0.0111,True,True,False,False
6128,PRE,WAIT,PRE 佈局型：等待突破確認，小倉觀察，不主動重倉,80,20.75,20.77,20.9,20.97,22.81,0.0188,-0.0143,-0.0349,0.6596,0.0066,False,True,True,False
6154,PRE,WAIT,PRE 佈局型：等待突破確認，小倉觀察，不主動重倉,80,13.2,13.2,13.25,13.28,13.48,0.0098,-0.0149,-0.0149,0.7458,0.0042,False,True,False,False
6170,PRE,WAIT,PRE 佈局型：等待突破確認，小倉觀察，不主動重倉,80,52.1,52.1,51.7,51.45,50.31,0.0157,0.0136,0.0176,1.5624,0.0087,True,True,False,False
6171,PRE,WAIT,PRE 佈局型：等待突破確認，小倉觀察，不主動重倉,80,25.5,25.5,25.67,25.98,27.03,0.0194,-0.0039,-0.0503,1.6453,0.0154,False,True,False,False
6194,PRE,WAIT,PRE 佈局型：等待突破確認，小倉觀察，不主動重倉,80,32.65,32.65,32.8,32.9,32.72,0.0091,-0.0046,0.0031,0.7406,0.0053,False,True,False,False
6203,PRE,WAIT,PRE 佈局型：等待突破確認，小倉觀察，不主動重倉,80,64.5,64.5,65.21,65.4,65.79,0.0209,-0.0062,-0.0315,0.7456,0.0084,False,True,False,False
6222,PRE,WAIT,PRE 佈局型：等待突破確認，小倉觀察，不主動重倉,80,21.75,21.75,21.28,21.03,20.0,0.0337,0.0558,0.0407,1.7448,0.0222,False,True,False,False
6240,PRE,WAIT,PRE 佈局型：等待突破確認，小倉觀察，不主動重倉,80,19.1,19.1,18.93,18.72,18.65,0.0257,0.0214,0.038,0.6349,0.0153,True,True,False,False
6248,PRE,WAIT,PRE 佈局型：等待突破確認，小倉觀察，不主動重倉,80,19.55,19.55,19.7,19.89,20.57,0.0115,-0.0076,-0.0274,0.4424,0.0136,False,True,False,False
6264,PRE,WAIT,PRE 佈局型：等待突破確認，小倉觀察，不主動重倉,80,6.09,6.09,6.13,6.24,6.58,0.0264,-0.0098,-0.0455,1.6342,0.0212,False,True,False,False
6464,PRE,WAIT,PRE 佈局型：等待突破確認，小倉觀察，不主動重倉,80,76.0,76.28,76.35,76.44,76.64,0.0139,-0.0039,-0.0052,2.7259,0.0016,True,True,True,False
6491,PRE,WAIT,PRE 佈局型：等待突破確認，小倉觀察，不主動重倉,80,283.5,285.7,288.25,286.62,285.16,0.0236,-0.0341,0.018,0.738,0.0045,False,True,False,False
6496,PRE,WAIT,PRE 佈局型：等待突破確認，小倉觀察，不主動重倉,80,25.3,25.3,25.4,25.99,26.65,0.0289,-0.0039,-0.063,1.537,0.0255,False,True,False,False
6512,PRE,WAIT,PRE 佈局型：等待突破確認，小倉觀察，不主動重倉,80,19.05,19.05,19.24,19.45,19.87,0.0133,-0.0026,-0.0475,0.5718,0.0163,False,True,False,False
6590,PRE,WAIT,PRE 佈局型：等待突破確認，小倉觀察，不主動重倉,80,70.3,70.3,70.18,70.1,71.55,0.0085,0.0043,0.0043,0.6791,0.002,True,True,False,False
6592,PRE,WAIT,PRE 佈局型：等待突破確認，小倉觀察，不主動重倉,80,62.2,63.14,63.62,63.24,62.06,0.0191,-0.0357,-0.0386,0.5192,0.0039,False,True,False,False
6615,PRE,WAIT,PRE 佈局型：等待突破確認，小倉觀察，不主動重倉,80,33.45,33.45,33.52,33.71,33.86,0.0172,-0.0147,-0.0176,0.4123,0.0066,False,True,False,False
6641,PRE,WAIT,PRE 佈局型：等待突破確認，小倉觀察，不主動重倉,80,18.4,18.45,18.36,18.43,20.26,0.0322,-0.0027,-0.0392,1.9448,0.0024,False,True,False,False
6654,PRE,WAIT,PRE 佈局型：等待突破確認，小倉觀察，不主動重倉,80,89.9,89.9,89.63,88.83,90.94,0.0237,-0.0132,-0.0143,0.742,0.0104,False,True,False,False
6661,PRE,WAIT,PRE 佈局型：等待突破確認，小倉觀察，不主動重倉,80,18.0,18.0,18.26,18.34,18.71,0.0247,-0.027,-0.0601,0.2985,0.0117,False,True,False,False
6754,PRE,WAIT,PRE 佈局型：等待突破確認，小倉觀察，不主動重倉,80,46.75,47.06,47.11,46.15,44.86,0.0156,-0.0053,0.0252,0.3293,0.0199,True,True,False,False
6794,PRE,WAIT,PRE 佈局型：等待突破確認，小倉觀察，不主動重倉,80,80.8,81.06,81.71,81.17,83.99,0.0327,-0.0049,0.0189,0.6874,0.004,False,True,False,False
6803,PRE,WAIT,PRE 佈局型：等待突破確認，小倉觀察，不主動重倉,80,288.5,288.5,288.75,289.43,293.96,0.006,0.0017,-0.0017,0.6203,0.0028,True,True,False,False
6841,PRE,WAIT,PRE 佈局型：等待突破確認，小倉觀察，不主動重倉,80,58.8,58.8,58.75,58.95,61.89,0.0185,0.0051,-0.0455,0.6836,0.003,False,True,False,False
6884,PRE,WAIT,PRE 佈局型：等待突破確認，小倉觀察，不主動重倉,80,34.55,34.55,34.93,34.57,35.02,0.0205,-0.0171,-0.0072,0.541,0.0055,False,True,False,False
6914,PRE,WAIT,PRE 佈局型：等待突破確認，小倉觀察，不主動重倉,80,147.0,149.0,150.3,150.6,146.31,0.0172,-0.0297,-0.0134,1.6447,0.0065,False,True,False,False
6952,PRE,WAIT,PRE 佈局型：等待突破確認，小倉觀察，不主動重倉,80,38.8,39.42,39.61,39.13,41.14,0.0228,-0.042,-0.0127,0.2092,0.01,False,True,True,False
6955,PRE,WAIT,PRE 佈局型：等待突破確認，小倉觀察，不主動重倉,80,164.5,164.5,165.45,165.1,166.55,0.0157,-0.0208,-0.015,1.663,0.0029,False,True,False,False
6965,PRE,WAIT,PRE 佈局型：等待突破確認，小倉觀察，不主動重倉,80,85.6,87.5,88.3,87.32,84.29,0.0213,-0.0457,0.0166,0.4144,0.0067,False,True,False,False
6997,PRE,WAIT,PRE 佈局型：等待突破確認，小倉觀察，不主動重倉,80,79.0,79.0,80.78,81.35,84.13,0.0122,-0.0295,-0.0223,2.2765,0.0184,False,True,False,False
7705,PRE,WAIT,PRE 佈局型：等待突破確認，小倉觀察，不主動重倉,80,34.05,34.38,34.68,34.71,36.94,0.0112,-0.0216,-0.0271,1.8421,0.0054,False,True,False,False
7718,PRE,WAIT,PRE 佈局型：等待突破確認，小倉觀察，不主動重倉,80,47.0,47.0,47.48,47.63,46.69,0.019,0.0,-0.0074,0.1875,0.0083,False,True,False,False
7736,PRE,WAIT,PRE 佈局型：等待突破確認，小倉觀察，不主動重倉,80,79.8,79.1,79.67,80.29,84.72,0.0284,-0.0037,-0.0374,2.778,0.0113,False,True,False,False
7743,PRE,WAIT,PRE 佈局型：等待突破確認，小倉觀察，不主動重倉,80,19.9,19.9,19.98,20.04,20.31,0.0119,-0.01,-0.0173,0.5969,0.0049,False,True,False,False
8050,PRE,WAIT,PRE 佈局型：等待突破確認，小倉觀察，不主動重倉,80,41.55,41.55,41.95,41.41,41.53,0.0188,-0.0119,0.0285,0.7195,0.0084,False,True,False,False
8421,PRE,WAIT,PRE 佈局型：等待突破確認，小倉觀察，不主動重倉,80,13.6,13.6,13.61,13.58,13.46,0.0171,0.0112,-0.0037,0.6561,0.0017,False,True,False,False
8424,PRE,WAIT,PRE 佈局型：等待突破確認，小倉觀察，不主動重倉,80,74.4,74.4,74.41,74.39,74.3,0.0041,-0.0,0.0013,0.3871,0.0002,True,True,False,False
8435,PRE,WAIT,PRE 佈局型：等待突破確認，小倉觀察，不主動重倉,80,55.6,55.6,56.18,56.62,56.36,0.0094,-0.0124,-0.028,0.7299,0.0131,False,True,False,False
8443,PRE,WAIT,PRE 佈局型：等待突破確認，小倉觀察，不主動重倉,80,11.95,12.03,12.03,12.02,11.78,0.0197,-0.0083,0.0084,0.1938,0.0008,True,True,False,False
8477,PRE,WAIT,PRE 佈局型：等待突破確認，小倉觀察，不主動重倉,80,13.55,13.55,13.55,13.55,13.44,0.0256,-0.0287,-0.0181,0.3596,0.0002,False,True,False,False
8482,PRE,WAIT,PRE 佈局型：等待突破確認，小倉觀察，不主動重倉,80,50.2,50.14,49.73,49.09,49.25,0.0253,0.008,0.0203,0.2381,0.0168,True,True,False,False
8905,PRE,WAIT,PRE 佈局型：等待突破確認，小倉觀察，不主動重倉,80,40.75,40.75,40.28,40.22,38.81,0.0161,0.0316,0.0175,0.1951,0.0072,True,True,False,False
8908,PRE,WAIT,PRE 佈局型：等待突破確認，小倉觀察，不主動重倉,80,39.45,39.45,39.94,40.34,41.66,0.0174,-0.0125,-0.0259,0.4827,0.0163,False,True,False,False
8924,PRE,WAIT,PRE 佈局型：等待突破確認，小倉觀察，不主動重倉,80,68.7,68.7,68.71,68.2,69.12,0.0083,0.0,0.0208,0.4781,0.0074,True,True,False,False
8929,PRE,WAIT,PRE 佈局型：等待突破確認，小倉觀察，不主動重倉,80,15.1,15.1,15.2,15.5,16.02,0.0164,-0.0,-0.0765,1.9751,0.023,False,True,False,False
9908,PRE,WAIT,PRE 佈局型：等待突破確認，小倉觀察，不主動重倉,80,29.5,29.67,29.75,29.81,30.09,0.0079,-0.0117,-0.0134,0.735,0.0034,False,True,False,False
9925,PRE,WAIT,PRE 佈局型：等待突破確認，小倉觀察，不主動重倉,80,40.5,40.58,40.66,40.7,40.76,0.0039,-0.0061,-0.0049,1.7497,0.002,True,True,False,False
9926,PRE,WAIT,PRE 佈局型：等待突破確認，小倉觀察，不主動重倉,80,49.5,49.7,49.8,49.77,50.0,0.0093,-0.01,-0.01,0.7025,0.001,True,True,True,False
9930,PRE,WAIT,PRE 佈局型：等待突破確認，小倉觀察，不主動重倉,80,69.9,70.4,70.6,70.52,70.45,0.0085,-0.0169,-0.0099,0.6398,0.0014,True,True,False,False
9951,PRE,WAIT,PRE 佈局型：等待突破確認，小倉觀察，不主動重倉,80,53.6,53.6,54.13,54.24,54.47,0.0112,-0.0074,0.0019,0.5709,0.007,False,True,False,False
1466,PRE,WAIT,PRE 佈局型：等待突破確認，小倉觀察，不主動重倉,75,17.0,16.99,16.83,16.82,16.68,0.04,0.0119,-0.0058,1.3508,0.0053,False,True,False,False
1468,PRE,WAIT,PRE 佈局型：等待突破確認，小倉觀察，不主動重倉,75,12.25,12.35,12.36,12.13,12.51,0.0398,0.0124,0.0294,0.9944,0.0182,False,True,False,False
1503,PRE,WAIT,PRE 佈局型：等待突破確認，小倉觀察，不主動重倉,75,191.0,194.6,194.65,189.4,205.85,0.0364,-0.0329,-0.0329,0.7821,0.0274,False,True,False,False
1512,PRE,WAIT,PRE 佈局型：等待突破確認，小倉觀察，不主動重倉,75,7.32,7.32,7.33,7.41,7.73,0.0385,-0.0174,-0.0506,1.2555,0.0121,False,True,False,False
4533,PRE,WAIT,PRE 佈局型：等待突破確認，小倉觀察，不主動重倉,75,31.1,31.1,31.3,30.88,32.9,0.0591,0.0436,-0.0016,1.4619,0.0103,False,True,False,False
4772,PRE,WAIT,PRE 佈局型：等待突破確認，小倉觀察，不主動重倉,75,308.0,308.0,313.4,304.85,312.02,0.051,0.0082,0.0657,1.2507,0.019,False,True,False,False
6125,PRE,WAIT,PRE 佈局型：等待突破確認，小倉觀察，不主動重倉,75,55.8,55.8,56.1,55.1,60.09,0.0396,0.0276,0.0257,1.2605,0.0151,False,True,False,False
6188,PRE,WAIT,PRE 佈局型：等待突破確認，小倉觀察，不主動重倉,75,83.4,83.4,84.46,85.81,94.05,0.037,0.0072,-0.0566,1.3055,0.0225,False,True,False,False
6498,PRE,WAIT,PRE 佈局型：等待突破確認，小倉觀察，不主動重倉,75,88.4,88.4,90.5,90.33,88.98,0.0352,-0.0178,0.0267,1.4945,0.0119,False,True,False,False
6574,PRE,WAIT,PRE 佈局型：等待突破確認，小倉觀察，不主動重倉,75,101.5,101.5,100.22,100.83,93.5,0.042,0.0496,-0.0731,1.3021,0.0063,False,True,False,False
1229,PRE,WAIT,PRE 佈局型：等待突破確認，小倉觀察，不主動重倉,70,42.5,43.29,43.71,44.28,44.78,0.0139,-0.0428,-0.0503,1.6864,0.0184,False,False,False,False
1325,PRE,WAIT,PRE 佈局型：等待突破確認，小倉觀察，不主動重倉,70,25.85,26.54,26.68,26.98,28.28,0.0215,-0.0444,-0.0461,2.0117,0.0142,False,False,False,False
2006,PRE,WAIT,PRE 佈局型：等待突破確認，小倉觀察，不主動重倉,70,66.9,68.72,69.85,69.91,72.56,0.0223,-0.0682,-0.0747,0.6772,0.0094,False,False,True,False
2247,PRE,WAIT,PRE 佈局型：等待突破確認，小倉觀察，不主動重倉,70,217.0,224.5,230.3,233.68,251.72,0.0198,-0.0746,-0.0939,2.1616,0.0289,False,False,False,False
4102,PRE,WAIT,PRE 佈局型：等待突破確認，小倉觀察，不主動重倉,70,18.25,18.25,18.62,18.92,19.55,0.0216,-0.0344,-0.0445,1.8766,0.0263,False,False,False,False
4104,PRE,WAIT,PRE 佈局型：等待突破確認，小倉觀察，不主動重倉,70,73.3,76.72,77.78,77.68,77.51,0.0123,-0.0733,-0.0406,1.5026,0.0072,False,False,False,False
4568,PRE,WAIT,PRE 佈局型：等待突破確認，小倉觀察，不主動重倉,70,43.7,42.69,42.1,42.09,42.21,0.0134,0.053,0.0405,0.0825,0.007,True,False,False,False
5525,PRE,WAIT,PRE 佈局型：等待突破確認，小倉觀察，不主動重倉,70,23.85,24.55,24.91,25.0,25.42,0.0202,-0.0554,-0.0702,2.2175,0.0112,False,False,False,False
6561,PRE,WAIT,PRE 佈局型：等待突破確認，小倉觀察，不主動重倉,70,340.5,340.5,354.35,358.5,349.94,0.0302,-0.062,-0.0381,1.8385,0.0325,False,False,False,False
1541,PRE,WAIT,PRE 條件未完整，僅保留觀察,65,24.55,24.72,24.96,25.46,25.42,0.0394,-0.0258,-0.0354,0.9891,0.0253,False,False,True,False
2323,PRE,WAIT,PRE 條件未完整，僅保留觀察,65,10.25,10.58,10.71,10.88,10.88,0.0354,-0.0465,-0.135,0.7552,0.0234,False,False,True,False
2459,PRE,WAIT,PRE 條件未完整，僅保留觀察,65,68.0,67.72,66.94,66.13,66.34,0.0124,0.0272,0.035,2.2438,0.0176,True,True,False,True
3045,PRE,WAIT,PRE 條件未完整，僅保留觀察,65,113.0,113.0,111.75,110.6,108.36,0.0111,0.0044,0.0367,2.2612,0.0157,True,True,False,True
4120,PRE,WAIT,PRE 條件未完整，僅保留觀察,65,48.0,48.0,47.6,47.44,45.91,0.021,0.0267,0.03,2.1351,0.0076,True,True,False,True
4912,PRE,WAIT,PRE 條件未完整，僅保留觀察,65,84.8,88.4,88.61,88.82,91.05,0.0406,-0.0557,-0.0588,1.1139,0.0038,False,False,True,False
6101,PRE,WAIT,PRE 條件未完整，僅保留觀察,65,40.45,40.45,39.91,39.77,38.73,0.0334,0.0372,0.0603,1.7346,0.01,True,True,False,True
6474,PRE,WAIT,PRE 條件未完整，僅保留觀察,65,37.5,37.5,37.17,36.75,36.12,0.0164,0.026,0.0417,1.9105,0.0155,True,True,False,True
2535,PRE,WAIT,PRE 條件未完整，僅保留觀察,55,76.6,72.44,71.5,71.22,71.2,0.0244,0.0912,0.0365,1.7979,0.0097,True,False,False,True
2855,PRE,WAIT,PRE 條件未完整，僅保留觀察,55,35.25,33.87,33.08,32.64,30.94,0.0268,0.0863,0.0947,2.6796,0.0237,True,False,False,True
3176,PRE,WAIT,PRE 條件未完整，僅保留觀察,55,32.95,32.95,31.81,31.87,31.59,0.037,0.0329,0.0313,1.5093,0.0172,False,True,False,False
3218,PRE,WAIT,PRE 條件未完整，僅保留觀察,55,136.0,136.0,132.35,131.8,136.97,0.0386,0.0837,0.0,2.7733,0.0175,False,True,False,False
3615,PRE,WAIT,PRE 條件未完整，僅保留觀察,55,31.85,31.85,32.47,32.41,31.03,0.0802,0.0564,-0.0109,2.1382,0.0097,False,True,False,False
3652,PRE,WAIT,PRE 條件未完整，僅保留觀察,55,29.4,28.71,28.24,27.58,27.82,0.0187,0.05,0.0829,1.8603,0.0305,True,False,False,True
4743,PRE,WAIT,PRE 條件未完整，僅保留觀察,55,53.2,53.2,52.51,53.29,56.03,0.0464,0.0514,-0.0,1.7126,0.0082,False,True,False,False
6165,PRE,WAIT,PRE 條件未完整，僅保留觀察,55,51.6,49.21,47.1,46.41,44.77,0.0233,0.1416,0.0875,3.4265,0.0339,True,False,False,True
6246,PRE,WAIT,PRE 條件未完整，僅保留觀察,55,16.4,16.4,16.19,16.43,15.11,0.0439,0.0479,-0.0296,2.1136,0.0081,False,True,False,False
6265,PRE,WAIT,PRE 條件未完整，僅保留觀察,55,39.8,39.8,38.9,38.81,40.07,0.0747,0.1102,0.0656,2.16,0.0136,False,True,False,False
6499,PRE,WAIT,PRE 條件未完整，僅保留觀察,55,83.7,83.7,83.85,85.26,91.5,0.0466,0.0182,-0.0832,1.6198,0.0178,False,True,False,False
6609,PRE,WAIT,PRE 條件未完整，僅保留觀察,55,39.4,39.4,38.72,38.54,38.54,0.0489,0.0649,-0.0138,2.166,0.0131,False,True,False,False
6805,PRE,WAIT,PRE 條件未完整，僅保留觀察,55,1915.0,1924.0,1871.0,1867.75,1703.08,0.0648,0.0241,0.0052,1.7643,0.0155,False,True,False,False
7792,PRE,WAIT,PRE 條件未完整，僅保留觀察,55,355.5,355.5,354.35,350.9,341.05,0.0599,0.0289,0.1394,1.6554,0.0113,False,True,False,False
8450,PRE,WAIT,PRE 條件未完整，僅保留觀察,55,16.5,16.5,16.73,17.06,17.13,0.0418,-0.009,-0.0462,1.807,0.0271,False,True,False,False
1583,PRE,WAIT,PRE 條件未完整，僅保留觀察,50,47.05,47.69,47.07,45.66,46.54,0.0234,-0.0239,0.0621,1.5187,0.0365,False,True,False,False
1529,PRE,WAIT,PRE 條件未完整，僅保留觀察,45,22.3,23.12,23.43,23.65,24.93,0.0415,-0.0766,-0.1289,0.4898,0.0168,False,False,True,False
4510,PRE,WAIT,PRE 條件未完整，僅保留觀察,45,47.0,47.0,46.27,45.0,45.09,0.0535,0.088,0.067,1.6899,0.0348,False,False,False,False
6505,PRE,WAIT,PRE 條件未完整，僅保留觀察,45,51.6,52.6,53.87,54.42,54.04,0.0435,-0.0601,-0.0532,0.5401,0.023,False,False,True,False
6597,PRE,WAIT,PRE 條件未完整，僅保留觀察,45,62.4,62.4,61.16,60.11,60.65,0.0369,0.04,0.0331,0.4004,0.0268,True,False,False,False
6781,PRE,WAIT,PRE 條件未完整，僅保留觀察,45,1115.0,1076.0,1038.1,1020.7,1082.9,0.0526,0.0721,-0.0089,1.569,0.0326,False,False,False,False
1323,PRE,WAIT,PRE 條件未完整，僅保留觀察,40,22.25,21.26,21.43,21.59,19.71,0.0551,0.0595,0.1649,2.2375,0.0109,False,True,False,False
3018,PRE,WAIT,PRE 條件未完整，僅保留觀察,40,10.6,10.75,10.83,11.22,11.98,0.0165,-0.0275,-0.1092,1.6792,0.0408,False,False,False,False
6525,PRE,WAIT,PRE 條件未完整，僅保留觀察,40,92.8,92.92,90.12,86.02,82.62,0.0275,0.0254,0.1235,1.7381,0.0593,False,False,False,False
6753,PRE,WAIT,PRE 條件未完整，僅保留觀察,35,143.0,143.0,138.9,133.6,138.88,0.047,0.0325,0.0833,1.2527,0.0514,False,False,False,False
6538,PRE,WAIT,PRE 條件未完整，僅保留觀察,30,75.4,75.4,73.52,72.68,69.52,0.0405,0.0756,0.0414,2.227,0.0236,True,False,False,True
3043,PRE,WAIT,PRE 條件未完整，僅保留觀察,25,22.8,21.59,20.64,20.24,21.45,0.0254,0.1315,0.1068,2.6085,0.0382,True,False,False,True
6136,PRE,WAIT,PRE 條件未完整，僅保留觀察,25,27.9,27.0,25.71,25.0,24.31,0.0257,0.1411,0.1505,3.8297,0.0485,False,False,False,False
6655,PRE,WAIT,PRE 條件未完整，僅保留觀察,25,140.5,139.3,136.9,132.62,128.24,0.0173,0.0293,0.0977,1.7427,0.039,True,False,False,True
6859,PRE,WAIT,PRE 條件未完整，僅保留觀察,25,125.0,125.0,123.6,119.3,117.72,0.0326,0.0373,0.0684,1.8931,0.04,True,False,False,True
1442,PRE,WAIT,PRE 條件未完整，僅保留觀察,15,28.8,29.33,28.23,27.42,28.11,0.0373,-0.0069,0.0647,1.6405,0.047,False,False,False,False
2061,PRE,WAIT,PRE 條件未完整，僅保留觀察,15,19.35,19.35,17.69,17.11,17.48,0.0443,0.1416,0.1416,2.555,0.0729,False,False,False,False
2342,PRE,WAIT,PRE 條件未完整，僅保留觀察,15,31.6,32.09,30.91,30.05,31.65,0.0441,0.0361,0.0144,1.9765,0.0458,False,False,False,False
2365,PRE,WAIT,PRE 條件未完整，僅保留觀察,15,34.25,35.07,34.59,33.02,35.03,0.0488,-0.0186,0.027,2.2243,0.0529,False,False,False,False
3023,PRE,WAIT,PRE 條件未完整，僅保留觀察,15,290.0,282.7,278.45,270.35,244.72,0.0387,0.0284,0.1328,1.732,0.0353,False,False,False,False
3672,PRE,WAIT,PRE 條件未完整，僅保留觀察,15,11.95,11.95,11.85,11.48,11.64,0.0561,0.0214,0.1116,2.2196,0.0351,False,False,False,False
5543,PRE,WAIT,PRE 條件未完整，僅保留觀察,15,29.75,29.75,28.98,28.0,27.79,0.0445,0.0085,0.0917,2.7245,0.0458,False,False,False,False
6418,PRE,WAIT,PRE 條件未完整，僅保留觀察,15,34.2,34.2,32.66,30.79,32.0,0.0453,-0.05,0.1306,1.5944,0.0773,False,False,False,False
3526,PRE,WAIT,PRE 條件未完整，僅保留觀察,0,330.0,330.0,301.0,293.52,283.62,0.0392,0.2245,0.1702,1.9002,0.0666,True,False,False,True
8455,PRE,WAIT,PRE 條件未完整，僅保留觀察,0,23.7,23.7,22.3,21.45,21.41,0.0357,0.058,0.1367,1.9964,0.0654,True,False,False,True
