rank,bucket,bucket_rank,priority,stock_id,action,score,timing_score,entry_type,execution_flag,allowed,close,price_tier,target_weight,suggested_amount,execution,reason,entry_note,risk_note,system_note
1,CORE,1,1,2328,TEST,80.0,65.0,BREAK,TOP,True,54.4,50-100,0.02,20000,可分批下單,ALPHA高流動性強勢延續｜成交量/成交金額優先｜突破/趨勢確認｜高流動性,突破型：可分批追，但避免開盤急拉直接追,CORE 是主倉來源，但受市場與 timing 限制。,TOP + timing 合格：允許分批
2,CORE,2,1,2395,BUY,80.0,65.0,BREAK,TOP,True,395.0,300-500,0.02,20000,可分批下單,ALPHA高流動性強勢延續｜成交量/成交金額優先｜突破/趨勢確認｜高流動性,突破型：可分批追，但避免開盤急拉直接追,CORE 是主倉來源，但受市場與 timing 限制。,TOP + timing 合格：允許分批
3,CORE,3,1,2855,BUY,80.0,65.0,BREAK,TOP,True,37.55,50以下,0.02,20000,可分批下單,ALPHA高流動性強勢延續｜成交量/成交金額優先｜突破/趨勢確認｜高流動性,突破型：可分批追，但避免開盤急拉直接追,CORE 是主倉來源，但受市場與 timing 限制。,TOP + timing 合格：允許分批
4,CORE,4,1,3030,TEST,80.0,65.0,BREAK,WATCH,False,376.5,300-500,0.0,0,只觀察,ALPHA高流動性強勢延續｜成交量/成交金額優先｜突破/趨勢確認｜高流動性,突破型：可分批追，但避免開盤急拉直接追,CORE 是主倉來源，但受市場與 timing 限制。,WATCH：保留觀察，不下單
5,CORE,5,1,3088,BUY,80.0,65.0,BREAK,WATCH,False,112.0,100-300,0.0,0,只觀察,CORE早期卡位｜剛轉強｜靠近MA20｜量能回溫｜高流動性,突破型：可分批追，但避免開盤急拉直接追,CORE 是主倉來源，但受市場與 timing 限制。,WATCH：保留觀察，不下單
6,CORE,6,1,3135,BUY,80.0,65.0,BREAK,WATCH,False,155.5,100-300,0.0,0,只觀察,ALPHA高流動性強勢延續｜成交量/成交金額優先｜突破/趨勢確認｜高流動性,突破型：可分批追，但避免開盤急拉直接追,CORE 是主倉來源，但受市場與 timing 限制。,WATCH：保留觀察，不下單
7,CORE,7,1,3532,BUY,80.0,65.0,BREAK,WATCH,False,207.5,100-300,0.0,0,只觀察,ALPHA高流動性強勢延續｜成交量/成交金額優先｜突破/趨勢確認｜高流動性,突破型：可分批追，但避免開盤急拉直接追,CORE 是主倉來源，但受市場與 timing 限制。,WATCH：保留觀察，不下單
8,CORE,8,1,3535,BUY,80.0,65.0,BREAK,WATCH,False,141.0,100-300,0.0,0,只觀察,ALPHA高流動性強勢延續｜成交量/成交金額優先｜突破/趨勢確認｜高流動性,突破型：可分批追，但避免開盤急拉直接追,CORE 是主倉來源，但受市場與 timing 限制。,WATCH：保留觀察，不下單
9,CORE,9,1,3711,TEST,80.0,65.0,BREAK,WATCH,False,525.0,500-1000,0.0,0,只觀察,ALPHA高流動性強勢延續｜成交量/成交金額優先｜突破/趨勢確認｜高流動性,突破型：可分批追，但避免開盤急拉直接追,CORE 是主倉來源，但受市場與 timing 限制。,WATCH：保留觀察，不下單
10,CORE,10,1,7769,BUY,80.0,65.0,BREAK,BLOCK,False,5380.0,1000以上,0.0,0,不可下單,CORE早期卡位｜剛轉強｜靠近MA20｜量能回溫｜高流動性,突破型：可分批追，但避免開盤急拉直接追,CORE 是主倉來源，但受市場與 timing 限制。,BLOCK：超出本市場狀態可執行名額
11,CORE,11,1,2885,TEST,80.0,20.0,WAIT,BLOCK,False,53.1,50-100,0.0,0,不可下單,ALPHA高流動性強勢延續｜成交量/成交金額優先｜突破/趨勢確認｜高流動性,CORE 尚未到理想進場點，等待突破或回檔,CORE 是主倉來源，但受市場與 timing 限制。,BLOCK：超出本市場狀態可執行名額
12,CORE,12,1,6261,BUY,80.0,20.0,WAIT,BLOCK,False,100.5,100-300,0.0,0,不可下單,CORE早期卡位｜剛轉強｜靠近MA20｜量能回溫｜高流動性,CORE 尚未到理想進場點，等待突破或回檔,CORE 是主倉來源，但受市場與 timing 限制。,BLOCK：超出本市場狀態可執行名額
13,CORE,13,1,2345,TEST,80.0,15.0,WAIT,BLOCK,False,2505.0,1000以上,0.0,0,不可下單,ALPHA高流動性強勢延續｜成交量/成交金額優先｜突破/趨勢確認｜高流動性,CORE 尚未到理想進場點，等待突破或回檔,CORE 是主倉來源，但受市場與 timing 限制。,BLOCK：超出本市場狀態可執行名額
14,CORE,14,1,3702,TEST,80.0,15.0,WAIT,BLOCK,False,104.5,100-300,0.0,0,不可下單,ALPHA高流動性強勢延續｜成交量/成交金額優先｜突破/趨勢確認｜高流動性,CORE 尚未到理想進場點，等待突破或回檔,CORE 是主倉來源，但受市場與 timing 限制。,BLOCK：超出本市場狀態可執行名額
15,PRE,1,2,1453,BUY,100.0,80.0,WAIT,TOP,True,11.8,50以下,0.01,10000,可分批下單,波動壓縮 | 安靜吸籌 | 洗盤收回 | 均線收斂 | 放量吸收 | 接近突破 | 結構尚可,PRE 佈局型：等待突破確認，小倉觀察，不主動重倉,PRE 是主升段前卡位，只能小倉。,TOP + timing 合格：允許分批
16,PRE,2,2,1583,BUY,86.0,100.0,WAIT,TOP,True,46.75,50以下,0.01,10000,可分批下單,波動壓縮 | 安靜吸籌 | 洗盤收回 | 均線收斂 | 接近突破 | 結構尚可,PRE 佈局型：等待突破確認，小倉觀察，不主動重倉,PRE 是主升段前卡位，只能小倉。,TOP + timing 合格：允許分批
17,PRE,3,2,9925,BUY,86.0,100.0,WAIT,WATCH,False,40.3,50以下,0.0,0,只觀察,波動壓縮 | 安靜吸籌 | 洗盤收回 | 均線收斂 | 接近突破 | 結構尚可,PRE 佈局型：等待突破確認，小倉觀察，不主動重倉,PRE 是主升段前卡位，只能小倉。,WATCH：保留觀察，不下單
18,PRE,4,2,1103,BUY,86.0,80.0,WAIT,WATCH,False,13.3,50以下,0.0,0,只觀察,波動壓縮 | 安靜吸籌 | 均線收斂 | 放量吸收 | 接近突破 | 結構尚可,PRE 佈局型：等待突破確認，小倉觀察，不主動重倉,PRE 是主升段前卡位，只能小倉。,WATCH：保留觀察，不下單
19,PRE,5,2,1307,BUY,86.0,80.0,WAIT,WATCH,False,31.55,50以下,0.0,0,只觀察,波動壓縮 | 安靜吸籌 | 均線收斂 | 放量吸收 | 接近突破 | 結構尚可,PRE 佈局型：等待突破確認，小倉觀察，不主動重倉,PRE 是主升段前卡位，只能小倉。,WATCH：保留觀察，不下單
20,PRE,6,2,1413,BUY,86.0,80.0,WAIT,WATCH,False,9.55,50以下,0.0,0,只觀察,波動壓縮 | 安靜吸籌 | 均線收斂 | 放量吸收 | 接近突破 | 結構尚可,PRE 佈局型：等待突破確認，小倉觀察，不主動重倉,PRE 是主升段前卡位，只能小倉。,WATCH：保留觀察，不下單
21,PRE,7,2,1423,BUY,86.0,80.0,WAIT,WATCH,False,40.8,50以下,0.0,0,只觀察,波動壓縮 | 安靜吸籌 | 均線收斂 | 放量吸收 | 接近突破 | 結構尚可,PRE 佈局型：等待突破確認，小倉觀察，不主動重倉,PRE 是主升段前卡位，只能小倉。,WATCH：保留觀察，不下單
22,PRE,8,2,1732,BUY,86.0,80.0,WAIT,WATCH,False,26.35,50以下,0.0,0,只觀察,波動壓縮 | 安靜吸籌 | 均線收斂 | 放量吸收 | 接近突破 | 結構尚可,PRE 佈局型：等待突破確認，小倉觀察，不主動重倉,PRE 是主升段前卡位，只能小倉。,WATCH：保留觀察，不下單
23,PRE,9,2,1805,BUY,86.0,80.0,WAIT,BLOCK,False,10.6,50以下,0.0,0,不可下單,波動壓縮 | 安靜吸籌 | 均線收斂 | 放量吸收 | 接近突破 | 結構尚可,PRE 佈局型：等待突破確認，小倉觀察，不主動重倉,PRE 是主升段前卡位，只能小倉。,BLOCK：超出本市場狀態可執行名額
24,PRE,10,2,2029,BUY,86.0,80.0,WAIT,BLOCK,False,20.05,50以下,0.0,0,不可下單,波動壓縮 | 安靜吸籌 | 均線收斂 | 放量吸收 | 接近突破 | 結構尚可,PRE 佈局型：等待突破確認，小倉觀察，不主動重倉,PRE 是主升段前卡位，只能小倉。,BLOCK：超出本市場狀態可執行名額
25,PRE,11,2,2073,BUY,86.0,80.0,WAIT,BLOCK,False,26.3,50以下,0.0,0,不可下單,波動壓縮 | 安靜吸籌 | 均線收斂 | 放量吸收 | 接近突破 | 結構尚可,PRE 佈局型：等待突破確認，小倉觀察，不主動重倉,PRE 是主升段前卡位，只能小倉。,BLOCK：超出本市場狀態可執行名額
26,PRE,12,2,2608,BUY,86.0,80.0,WAIT,BLOCK,False,29.95,50以下,0.0,0,不可下單,波動壓縮 | 安靜吸籌 | 均線收斂 | 放量吸收 | 接近突破 | 結構尚可,PRE 佈局型：等待突破確認，小倉觀察，不主動重倉,PRE 是主升段前卡位，只能小倉。,BLOCK：超出本市場狀態可執行名額
27,PRE,13,2,2762,BUY,86.0,80.0,WAIT,BLOCK,False,72.4,50-100,0.0,0,不可下單,波動壓縮 | 安靜吸籌 | 均線收斂 | 放量吸收 | 接近突破 | 結構尚可,PRE 佈局型：等待突破確認，小倉觀察，不主動重倉,PRE 是主升段前卡位，只能小倉。,BLOCK：超出本市場狀態可執行名額
28,PRE,14,2,2801,BUY,86.0,80.0,WAIT,BLOCK,False,20.8,50以下,0.0,0,不可下單,波動壓縮 | 安靜吸籌 | 均線收斂 | 放量吸收 | 接近突破 | 結構尚可,PRE 佈局型：等待突破確認，小倉觀察，不主動重倉,PRE 是主升段前卡位，只能小倉。,BLOCK：超出本市場狀態可執行名額
29,PRE,15,2,2820,BUY,86.0,80.0,WAIT,BLOCK,False,16.9,50以下,0.0,0,不可下單,波動壓縮 | 安靜吸籌 | 均線收斂 | 放量吸收 | 接近突破 | 結構尚可,PRE 佈局型：等待突破確認，小倉觀察，不主動重倉,PRE 是主升段前卡位，只能小倉。,BLOCK：超出本市場狀態可執行名額
30,PRE,16,2,2845,BUY,86.0,80.0,WAIT,BLOCK,False,12.2,50以下,0.0,0,不可下單,波動壓縮 | 安靜吸籌 | 均線收斂 | 放量吸收 | 接近突破 | 結構尚可,PRE 佈局型：等待突破確認，小倉觀察，不主動重倉,PRE 是主升段前卡位，只能小倉。,BLOCK：超出本市場狀態可執行名額
31,PRE,17,2,3285,BUY,86.0,80.0,WAIT,BLOCK,False,28.85,50以下,0.0,0,不可下單,波動壓縮 | 安靜吸籌 | 均線收斂 | 放量吸收 | 接近突破 | 結構尚可,PRE 佈局型：等待突破確認，小倉觀察，不主動重倉,PRE 是主升段前卡位，只能小倉。,BLOCK：超出本市場狀態可執行名額
32,PRE,18,2,4120,BUY,86.0,80.0,WAIT,BLOCK,False,47.4,50以下,0.0,0,不可下單,波動壓縮 | 安靜吸籌 | 均線收斂 | 放量吸收 | 接近突破 | 結構尚可,PRE 佈局型：等待突破確認，小倉觀察，不主動重倉,PRE 是主升段前卡位，只能小倉。,BLOCK：超出本市場狀態可執行名額
33,PRE,19,2,4506,BUY,86.0,80.0,WAIT,BLOCK,False,117.5,100-500,0.0,0,不可下單,波動壓縮 | 安靜吸籌 | 均線收斂 | 放量吸收 | 接近突破 | 結構尚可,PRE 佈局型：等待突破確認，小倉觀察，不主動重倉,PRE 是主升段前卡位，只能小倉。,BLOCK：超出本市場狀態可執行名額
34,PRE,20,2,4527,BUY,86.0,80.0,WAIT,BLOCK,False,42.7,50以下,0.0,0,不可下單,波動壓縮 | 安靜吸籌 | 均線收斂 | 放量吸收 | 接近突破 | 結構尚可,PRE 佈局型：等待突破確認，小倉觀察，不主動重倉,PRE 是主升段前卡位，只能小倉。,BLOCK：超出本市場狀態可執行名額
35,PRE,21,2,4535,BUY,86.0,80.0,WAIT,BLOCK,False,27.65,50以下,0.0,0,不可下單,波動壓縮 | 安靜吸籌 | 均線收斂 | 放量吸收 | 接近突破 | 結構尚可,PRE 佈局型：等待突破確認，小倉觀察，不主動重倉,PRE 是主升段前卡位，只能小倉。,BLOCK：超出本市場狀態可執行名額
36,PRE,22,2,4538,BUY,86.0,80.0,WAIT,BLOCK,False,18.55,50以下,0.0,0,不可下單,波動壓縮 | 安靜吸籌 | 均線收斂 | 放量吸收 | 接近突破 | 結構尚可,PRE 佈局型：等待突破確認，小倉觀察，不主動重倉,PRE 是主升段前卡位，只能小倉。,BLOCK：超出本市場狀態可執行名額
37,PRE,23,2,5209,BUY,86.0,80.0,WAIT,BLOCK,False,163.0,100-500,0.0,0,不可下單,波動壓縮 | 安靜吸籌 | 均線收斂 | 放量吸收 | 接近突破 | 結構尚可,PRE 佈局型：等待突破確認，小倉觀察，不主動重倉,PRE 是主升段前卡位，只能小倉。,BLOCK：超出本市場狀態可執行名額
38,PRE,24,2,5487,BUY,86.0,80.0,WAIT,BLOCK,False,29.3,50以下,0.0,0,不可下單,波動壓縮 | 安靜吸籌 | 均線收斂 | 放量吸收 | 接近突破 | 結構尚可,PRE 佈局型：等待突破確認，小倉觀察，不主動重倉,PRE 是主升段前卡位，只能小倉。,BLOCK：超出本市場狀態可執行名額
39,PRE,25,2,5609,BUY,86.0,80.0,WAIT,BLOCK,False,77.7,50-100,0.0,0,不可下單,波動壓縮 | 安靜吸籌 | 均線收斂 | 放量吸收 | 接近突破 | 結構尚可,PRE 佈局型：等待突破確認，小倉觀察，不主動重倉,PRE 是主升段前卡位，只能小倉。,BLOCK：超出本市場狀態可執行名額
40,PRE,26,2,6020,BUY,86.0,80.0,WAIT,BLOCK,False,19.1,50以下,0.0,0,不可下單,波動壓縮 | 安靜吸籌 | 均線收斂 | 放量吸收 | 接近突破 | 結構尚可,PRE 佈局型：等待突破確認，小倉觀察，不主動重倉,PRE 是主升段前卡位，只能小倉。,BLOCK：超出本市場狀態可執行名額
41,PRE,27,2,6024,BUY,86.0,80.0,WAIT,BLOCK,False,57.1,50-100,0.0,0,不可下單,波動壓縮 | 安靜吸籌 | 均線收斂 | 放量吸收 | 接近突破 | 結構尚可,PRE 佈局型：等待突破確認，小倉觀察，不主動重倉,PRE 是主升段前卡位，只能小倉。,BLOCK：超出本市場狀態可執行名額
42,PRE,28,2,6115,BUY,86.0,80.0,WAIT,BLOCK,False,47.55,50以下,0.0,0,不可下單,波動壓縮 | 安靜吸籌 | 均線收斂 | 放量吸收 | 接近突破 | 結構尚可,PRE 佈局型：等待突破確認，小倉觀察，不主動重倉,PRE 是主升段前卡位，只能小倉。,BLOCK：超出本市場狀態可執行名額
43,PRE,29,2,6720,BUY,86.0,80.0,WAIT,BLOCK,False,165.0,100-500,0.0,0,不可下單,波動壓縮 | 安靜吸籌 | 均線收斂 | 放量吸收 | 接近突破 | 結構尚可,PRE 佈局型：等待突破確認，小倉觀察，不主動重倉,PRE 是主升段前卡位，只能小倉。,BLOCK：超出本市場狀態可執行名額
44,PRE,30,2,6790,BUY,86.0,80.0,WAIT,BLOCK,False,40.1,50以下,0.0,0,不可下單,波動壓縮 | 安靜吸籌 | 均線收斂 | 放量吸收 | 接近突破 | 結構尚可,PRE 佈局型：等待突破確認，小倉觀察，不主動重倉,PRE 是主升段前卡位，只能小倉。,BLOCK：超出本市場狀態可執行名額
45,PRE,31,2,6794,BUY,86.0,80.0,WAIT,BLOCK,False,81.2,50-100,0.0,0,不可下單,波動壓縮 | 安靜吸籌 | 均線收斂 | 放量吸收 | 接近突破 | 結構尚可,PRE 佈局型：等待突破確認，小倉觀察，不主動重倉,PRE 是主升段前卡位，只能小倉。,BLOCK：超出本市場狀態可執行名額
46,PRE,32,2,6884,BUY,86.0,80.0,WAIT,BLOCK,False,34.95,50以下,0.0,0,不可下單,波動壓縮 | 安靜吸籌 | 均線收斂 | 放量吸收 | 接近突破 | 結構尚可,PRE 佈局型：等待突破確認，小倉觀察，不主動重倉,PRE 是主升段前卡位，只能小倉。,BLOCK：超出本市場狀態可執行名額
47,PRE,33,2,6955,BUY,86.0,80.0,WAIT,BLOCK,False,165.5,100-500,0.0,0,不可下單,波動壓縮 | 安靜吸籌 | 均線收斂 | 放量吸收 | 接近突破 | 結構尚可,PRE 佈局型：等待突破確認，小倉觀察，不主動重倉,PRE 是主升段前卡位，只能小倉。,BLOCK：超出本市場狀態可執行名額
48,PRE,34,2,7708,BUY,86.0,80.0,WAIT,BLOCK,False,91.5,50-100,0.0,0,不可下單,波動壓縮 | 安靜吸籌 | 均線收斂 | 放量吸收 | 接近突破 | 結構尚可,PRE 佈局型：等待突破確認，小倉觀察，不主動重倉,PRE 是主升段前卡位，只能小倉。,BLOCK：超出本市場狀態可執行名額
49,PRE,35,2,7718,BUY,86.0,80.0,WAIT,BLOCK,False,48.4,50以下,0.0,0,不可下單,波動壓縮 | 安靜吸籌 | 均線收斂 | 放量吸收 | 接近突破 | 結構尚可,PRE 佈局型：等待突破確認，小倉觀察，不主動重倉,PRE 是主升段前卡位，只能小倉。,BLOCK：超出本市場狀態可執行名額
50,PRE,36,2,8049,BUY,86.0,80.0,WAIT,BLOCK,False,25.25,50以下,0.0,0,不可下單,波動壓縮 | 安靜吸籌 | 均線收斂 | 放量吸收 | 接近突破 | 結構尚可,PRE 佈局型：等待突破確認，小倉觀察，不主動重倉,PRE 是主升段前卡位，只能小倉。,BLOCK：超出本市場狀態可執行名額
51,PRE,37,2,8284,BUY,86.0,80.0,WAIT,BLOCK,False,63.8,50-100,0.0,0,不可下單,波動壓縮 | 安靜吸籌 | 均線收斂 | 放量吸收 | 接近突破 | 結構尚可,PRE 佈局型：等待突破確認，小倉觀察，不主動重倉,PRE 是主升段前卡位，只能小倉。,BLOCK：超出本市場狀態可執行名額
52,PRE,38,2,8424,BUY,86.0,80.0,WAIT,BLOCK,False,74.3,50-100,0.0,0,不可下單,波動壓縮 | 安靜吸籌 | 均線收斂 | 放量吸收 | 接近突破 | 結構尚可,PRE 佈局型：等待突破確認，小倉觀察，不主動重倉,PRE 是主升段前卡位，只能小倉。,BLOCK：超出本市場狀態可執行名額
53,PRE,39,2,8905,BUY,86.0,80.0,WAIT,BLOCK,False,39.35,50以下,0.0,0,不可下單,波動壓縮 | 安靜吸籌 | 均線收斂 | 放量吸收 | 接近突破 | 結構尚可,PRE 佈局型：等待突破確認，小倉觀察，不主動重倉,PRE 是主升段前卡位，只能小倉。,BLOCK：超出本市場狀態可執行名額
54,PRE,40,2,8917,BUY,86.0,80.0,WAIT,BLOCK,False,52.8,50-100,0.0,0,不可下單,波動壓縮 | 安靜吸籌 | 均線收斂 | 放量吸收 | 接近突破 | 結構尚可,PRE 佈局型：等待突破確認，小倉觀察，不主動重倉,PRE 是主升段前卡位，只能小倉。,BLOCK：超出本市場狀態可執行名額
55,PRE,41,2,9930,BUY,86.0,80.0,WAIT,BLOCK,False,69.8,50-100,0.0,0,不可下單,波動壓縮 | 安靜吸籌 | 均線收斂 | 放量吸收 | 接近突破 | 結構尚可,PRE 佈局型：等待突破確認，小倉觀察，不主動重倉,PRE 是主升段前卡位，只能小倉。,BLOCK：超出本市場狀態可執行名額
56,PRE,42,2,9941,BUY,86.0,80.0,WAIT,BLOCK,False,76.1,50-100,0.0,0,不可下單,波動壓縮 | 安靜吸籌 | 均線收斂 | 放量吸收 | 接近突破 | 結構尚可,PRE 佈局型：等待突破確認，小倉觀察，不主動重倉,PRE 是主升段前卡位，只能小倉。,BLOCK：超出本市場狀態可執行名額
57,PRE,43,2,3018,BUY,86.0,70.0,WAIT,BLOCK,False,10.6,50以下,0.0,0,不可下單,波動壓縮 | 安靜吸籌 | 洗盤收回 | 均線收斂 | 放量吸收 | 結構尚可,PRE 佈局型：等待突破確認，小倉觀察，不主動重倉,PRE 是主升段前卡位，只能小倉。,BLOCK：超出本市場狀態可執行名額
58,PRE,44,2,1612,BUY,86.0,65.0,WAIT,BLOCK,False,36.45,50以下,0.0,0,不可下單,波動壓縮 | 安靜吸籌 | 均線收斂 | 放量吸收 | 接近突破 | 結構尚可,PRE 條件未完整，僅保留觀察,PRE 是主升段前卡位，只能小倉。,BLOCK：超出本市場狀態可執行名額
59,PRE,45,2,2883,BUY,86.0,65.0,WAIT,BLOCK,False,21.4,50以下,0.0,0,不可下單,波動壓縮 | 安靜吸籌 | 均線收斂 | 放量吸收 | 接近突破 | 結構尚可,PRE 條件未完整，僅保留觀察,PRE 是主升段前卡位，只能小倉。,BLOCK：超出本市場狀態可執行名額
60,PRE,46,2,4572,BUY,86.0,65.0,WAIT,BLOCK,False,148.0,100-500,0.0,0,不可下單,波動壓縮 | 安靜吸籌 | 均線收斂 | 放量吸收 | 接近突破 | 結構尚可,PRE 條件未完整，僅保留觀察,PRE 是主升段前卡位，只能小倉。,BLOCK：超出本市場狀態可執行名額
61,PRE,47,2,5906,BUY,86.0,65.0,WAIT,BLOCK,False,49.7,50以下,0.0,0,不可下單,波動壓縮 | 安靜吸籌 | 洗盤收回 | 均線收斂 | 接近突破 | 結構尚可,PRE 條件未完整，僅保留觀察,PRE 是主升段前卡位，只能小倉。,BLOCK：超出本市場狀態可執行名額
62,PRE,48,2,8477,BUY,86.0,65.0,WAIT,BLOCK,False,14.0,50以下,0.0,0,不可下單,波動壓縮 | 安靜吸籌 | 均線收斂 | 放量吸收 | 接近突破 | 結構尚可,PRE 條件未完整，僅保留觀察,PRE 是主升段前卡位，只能小倉。,BLOCK：超出本市場狀態可執行名額
63,PRE,49,2,1603,BUY,80.0,80.0,WAIT,BLOCK,False,32.15,50以下,0.0,0,不可下單,波動壓縮 | 安靜吸籌 | 均線收斂 | 放量吸收 | 接近突破,PRE 佈局型：等待突破確認，小倉觀察，不主動重倉,PRE 是主升段前卡位，只能小倉。,BLOCK：超出本市場狀態可執行名額
64,PRE,50,2,2115,BUY,80.0,80.0,WAIT,BLOCK,False,21.0,50以下,0.0,0,不可下單,波動壓縮 | 安靜吸籌 | 均線收斂 | 放量吸收 | 接近突破,PRE 佈局型：等待突破確認，小倉觀察，不主動重倉,PRE 是主升段前卡位，只能小倉。,BLOCK：超出本市場狀態可執行名額
65,PRE,51,2,4590,BUY,80.0,80.0,WAIT,BLOCK,False,75.4,50-100,0.0,0,不可下單,波動壓縮 | 安靜吸籌 | 均線收斂 | 放量吸收 | 接近突破,PRE 佈局型：等待突破確認，小倉觀察，不主動重倉,PRE 是主升段前卡位，只能小倉。,BLOCK：超出本市場狀態可執行名額
66,PRE,52,2,5438,BUY,80.0,80.0,WAIT,BLOCK,False,19.2,50以下,0.0,0,不可下單,波動壓縮 | 安靜吸籌 | 均線收斂 | 放量吸收 | 接近突破,PRE 佈局型：等待突破確認，小倉觀察，不主動重倉,PRE 是主升段前卡位，只能小倉。,BLOCK：超出本市場狀態可執行名額
67,PRE,53,2,1218,TEST,72.0,100.0,WAIT,BLOCK,False,18.75,50以下,0.0,0,不可下單,波動壓縮 | 安靜吸籌 | 均線收斂 | 接近突破 | 結構尚可,PRE 佈局型：等待突破確認，小倉觀察，不主動重倉,PRE 是主升段前卡位，只能小倉。,BLOCK：超出本市場狀態可執行名額
68,PRE,54,2,1233,TEST,72.0,100.0,WAIT,BLOCK,False,28.6,50以下,0.0,0,不可下單,波動壓縮 | 安靜吸籌 | 均線收斂 | 接近突破 | 結構尚可,PRE 佈局型：等待突破確認，小倉觀察，不主動重倉,PRE 是主升段前卡位，只能小倉。,BLOCK：超出本市場狀態可執行名額
69,PRE,55,2,1234,TEST,72.0,100.0,WAIT,BLOCK,False,35.05,50以下,0.0,0,不可下單,波動壓縮 | 安靜吸籌 | 均線收斂 | 接近突破 | 結構尚可,PRE 佈局型：等待突破確認，小倉觀察，不主動重倉,PRE 是主升段前卡位，只能小倉。,BLOCK：超出本市場狀態可執行名額
70,PRE,56,2,1268,TEST,72.0,100.0,WAIT,BLOCK,False,155.5,100-500,0.0,0,不可下單,波動壓縮 | 安靜吸籌 | 均線收斂 | 接近突破 | 結構尚可,PRE 佈局型：等待突破確認，小倉觀察，不主動重倉,PRE 是主升段前卡位，只能小倉。,BLOCK：超出本市場狀態可執行名額
71,PRE,57,2,1459,TEST,72.0,100.0,WAIT,BLOCK,False,11.75,50以下,0.0,0,不可下單,波動壓縮 | 安靜吸籌 | 均線收斂 | 接近突破 | 結構尚可,PRE 佈局型：等待突破確認，小倉觀察，不主動重倉,PRE 是主升段前卡位，只能小倉。,BLOCK：超出本市場狀態可執行名額
72,PRE,58,2,1615,TEST,72.0,100.0,WAIT,BLOCK,False,45.65,50以下,0.0,0,不可下單,波動壓縮 | 安靜吸籌 | 均線收斂 | 接近突破 | 結構尚可,PRE 佈局型：等待突破確認，小倉觀察，不主動重倉,PRE 是主升段前卡位，只能小倉。,BLOCK：超出本市場狀態可執行名額
73,PRE,59,2,1777,TEST,72.0,100.0,WAIT,BLOCK,False,70.6,50-100,0.0,0,不可下單,波動壓縮 | 安靜吸籌 | 均線收斂 | 接近突破 | 結構尚可,PRE 佈局型：等待突破確認，小倉觀察，不主動重倉,PRE 是主升段前卡位，只能小倉。,BLOCK：超出本市場狀態可執行名額
74,PRE,60,2,2069,TEST,72.0,100.0,WAIT,BLOCK,False,18.5,50以下,0.0,0,不可下單,波動壓縮 | 安靜吸籌 | 均線收斂 | 接近突破 | 結構尚可,PRE 佈局型：等待突破確認，小倉觀察，不主動重倉,PRE 是主升段前卡位，只能小倉。,BLOCK：超出本市場狀態可執行名額
75,PRE,61,2,2504,TEST,72.0,100.0,WAIT,BLOCK,False,35.05,50以下,0.0,0,不可下單,波動壓縮 | 安靜吸籌 | 均線收斂 | 接近突破 | 結構尚可,PRE 佈局型：等待突破確認，小倉觀察，不主動重倉,PRE 是主升段前卡位，只能小倉。,BLOCK：超出本市場狀態可執行名額
76,PRE,62,2,2603,TEST,72.0,100.0,WAIT,BLOCK,False,206.0,100-500,0.0,0,不可下單,波動壓縮 | 安靜吸籌 | 均線收斂 | 接近突破 | 結構尚可,PRE 佈局型：等待突破確認，小倉觀察，不主動重倉,PRE 是主升段前卡位，只能小倉。,BLOCK：超出本市場狀態可執行名額
77,PRE,63,2,2643,TEST,72.0,100.0,WAIT,BLOCK,False,66.7,50-100,0.0,0,不可下單,波動壓縮 | 安靜吸籌 | 均線收斂 | 接近突破 | 結構尚可,PRE 佈局型：等待突破確認，小倉觀察，不主動重倉,PRE 是主升段前卡位，只能小倉。,BLOCK：超出本市場狀態可執行名額
78,PRE,64,2,3373,TEST,72.0,100.0,WAIT,BLOCK,False,16.9,50以下,0.0,0,不可下單,波動壓縮 | 安靜吸籌 | 均線收斂 | 接近突破 | 結構尚可,PRE 佈局型：等待突破確認，小倉觀察，不主動重倉,PRE 是主升段前卡位，只能小倉。,BLOCK：超出本市場狀態可執行名額
79,PRE,65,2,3541,TEST,72.0,100.0,WAIT,BLOCK,False,23.45,50以下,0.0,0,不可下單,波動壓縮 | 安靜吸籌 | 均線收斂 | 接近突破 | 結構尚可,PRE 佈局型：等待突破確認，小倉觀察，不主動重倉,PRE 是主升段前卡位，只能小倉。,BLOCK：超出本市場狀態可執行名額
80,PRE,66,2,4106,TEST,72.0,100.0,WAIT,BLOCK,False,22.3,50以下,0.0,0,不可下單,波動壓縮 | 安靜吸籌 | 均線收斂 | 接近突破 | 結構尚可,PRE 佈局型：等待突破確認，小倉觀察，不主動重倉,PRE 是主升段前卡位，只能小倉。,BLOCK：超出本市場狀態可執行名額
81,PRE,67,2,4114,TEST,72.0,100.0,WAIT,BLOCK,False,30.75,50以下,0.0,0,不可下單,波動壓縮 | 安靜吸籌 | 均線收斂 | 接近突破 | 結構尚可,PRE 佈局型：等待突破確認，小倉觀察，不主動重倉,PRE 是主升段前卡位，只能小倉。,BLOCK：超出本市場狀態可執行名額
82,PRE,68,2,4987,TEST,72.0,100.0,WAIT,BLOCK,False,81.4,50-100,0.0,0,不可下單,波動壓縮 | 安靜吸籌 | 均線收斂 | 接近突破 | 結構尚可,PRE 佈局型：等待突破確認，小倉觀察，不主動重倉,PRE 是主升段前卡位，只能小倉。,BLOCK：超出本市場狀態可執行名額
83,PRE,69,2,5903,TEST,72.0,100.0,WAIT,BLOCK,False,189.5,100-500,0.0,0,不可下單,波動壓縮 | 安靜吸籌 | 均線收斂 | 接近突破 | 結構尚可,PRE 佈局型：等待突破確認，小倉觀察，不主動重倉,PRE 是主升段前卡位，只能小倉。,BLOCK：超出本市場狀態可執行名額
84,PRE,70,2,6170,TEST,72.0,100.0,WAIT,BLOCK,False,52.1,50-100,0.0,0,不可下單,波動壓縮 | 安靜吸籌 | 均線收斂 | 接近突破 | 結構尚可,PRE 佈局型：等待突破確認，小倉觀察，不主動重倉,PRE 是主升段前卡位，只能小倉。,BLOCK：超出本市場狀態可執行名額
85,PRE,71,2,6965,TEST,72.0,100.0,WAIT,BLOCK,False,87.0,50-100,0.0,0,不可下單,波動壓縮 | 安靜吸籌 | 均線收斂 | 接近突破 | 結構尚可,PRE 佈局型：等待突破確認，小倉觀察，不主動重倉,PRE 是主升段前卡位，只能小倉。,BLOCK：超出本市場狀態可執行名額
86,PRE,72,2,8481,TEST,72.0,100.0,WAIT,BLOCK,False,40.85,50以下,0.0,0,不可下單,波動壓縮 | 安靜吸籌 | 均線收斂 | 接近突破 | 結構尚可,PRE 佈局型：等待突破確認，小倉觀察，不主動重倉,PRE 是主升段前卡位，只能小倉。,BLOCK：超出本市場狀態可執行名額
87,PRE,73,2,9908,TEST,72.0,100.0,WAIT,BLOCK,False,29.45,50以下,0.0,0,不可下單,波動壓縮 | 安靜吸籌 | 均線收斂 | 接近突破 | 結構尚可,PRE 佈局型：等待突破確認，小倉觀察，不主動重倉,PRE 是主升段前卡位，只能小倉。,BLOCK：超出本市場狀態可執行名額
88,PRE,74,2,6026,BUY,86.0,55.0,WAIT,BLOCK,False,15.7,50以下,0.0,0,不可下單,波動壓縮 | 安靜吸籌 | 均線收斂 | 放量吸收 | 接近突破 | 結構尚可,PRE 條件未完整，僅保留觀察,PRE 是主升段前卡位，只能小倉。,BLOCK：超出本市場狀態可執行名額
89,PRE,75,2,6579,BUY,86.0,55.0,WAIT,BLOCK,False,124.5,100-500,0.0,0,不可下單,波動壓縮 | 安靜吸籌 | 均線收斂 | 放量吸收 | 接近突破 | 結構尚可,PRE 條件未完整，僅保留觀察,PRE 是主升段前卡位，只能小倉。,BLOCK：超出本市場狀態可執行名額
90,PRE,76,2,1217,TEST,72.0,90.0,WAIT,BLOCK,False,9.85,50以下,0.0,0,不可下單,波動壓縮 | 安靜吸籌 | 均線收斂 | 接近突破 | 結構尚可,PRE 佈局型：等待突破確認，小倉觀察，不主動重倉,PRE 是主升段前卡位，只能小倉。,BLOCK：超出本市場狀態可執行名額
91,PRE,77,2,8249,BUY,80.0,65.0,WAIT,BLOCK,False,50.5,50-100,0.0,0,不可下單,波動壓縮 | 安靜吸籌 | 均線收斂 | 放量吸收 | 接近突破,PRE 條件未完整，僅保留觀察,PRE 是主升段前卡位，只能小倉。,BLOCK：超出本市場狀態可執行名額
92,PRE,78,2,1417,TEST,68.0,100.0,WAIT,BLOCK,False,8.9,50以下,0.0,0,不可下單,波動壓縮 | 洗盤收回 | 均線收斂 | 接近突破 | 結構尚可,PRE 佈局型：等待突破確認，小倉觀察，不主動重倉,PRE 是主升段前卡位，只能小倉。,BLOCK：超出本市場狀態可執行名額
93,PRE,79,2,4536,TEST,68.0,100.0,WAIT,BLOCK,False,151.0,100-500,0.0,0,不可下單,波動壓縮 | 洗盤收回 | 均線收斂 | 接近突破 | 結構尚可,PRE 佈局型：等待突破確認，小倉觀察，不主動重倉,PRE 是主升段前卡位，只能小倉。,BLOCK：超出本市場狀態可執行名額
94,PRE,80,2,6606,TEST,68.0,100.0,WAIT,BLOCK,False,24.0,50以下,0.0,0,不可下單,波動壓縮 | 洗盤收回 | 均線收斂 | 接近突破 | 結構尚可,PRE 佈局型：等待突破確認，小倉觀察，不主動重倉,PRE 是主升段前卡位，只能小倉。,BLOCK：超出本市場狀態可執行名額
95,PRE,81,2,9907,TEST,68.0,100.0,WAIT,BLOCK,False,17.65,50以下,0.0,0,不可下單,波動壓縮 | 洗盤收回 | 均線收斂 | 接近突破 | 結構尚可,PRE 佈局型：等待突破確認，小倉觀察，不主動重倉,PRE 是主升段前卡位，只能小倉。,BLOCK：超出本市場狀態可執行名額
96,PRE,82,2,6122,TEST,66.0,100.0,WAIT,BLOCK,False,49.05,50以下,0.0,0,不可下單,波動壓縮 | 安靜吸籌 | 均線收斂 | 接近突破,PRE 佈局型：等待突破確認，小倉觀察，不主動重倉,PRE 是主升段前卡位，只能小倉。,BLOCK：超出本市場狀態可執行名額
97,PRE,83,2,6841,TEST,66.0,100.0,WAIT,BLOCK,False,60.7,50-100,0.0,0,不可下單,波動壓縮 | 安靜吸籌 | 均線收斂 | 接近突破,PRE 佈局型：等待突破確認，小倉觀察，不主動重倉,PRE 是主升段前卡位，只能小倉。,BLOCK：超出本市場狀態可執行名額
98,PRE,84,2,8401,TEST,66.0,100.0,WAIT,BLOCK,False,24.75,50以下,0.0,0,不可下單,波動壓縮 | 安靜吸籌 | 均線收斂 | 接近突破,PRE 佈局型：等待突破確認，小倉觀察，不主動重倉,PRE 是主升段前卡位，只能小倉。,BLOCK：超出本市場狀態可執行名額
99,PRE,85,2,1437,TEST,72.0,80.0,WAIT,BLOCK,False,29.35,50以下,0.0,0,不可下單,波動壓縮 | 安靜吸籌 | 均線收斂 | 放量吸收 | 結構尚可,PRE 佈局型：等待突破確認，小倉觀察，不主動重倉,PRE 是主升段前卡位，只能小倉。,BLOCK：超出本市場狀態可執行名額
100,PRE,86,2,1593,TEST,72.0,80.0,WAIT,BLOCK,False,31.8,50以下,0.0,0,不可下單,波動壓縮 | 安靜吸籌 | 均線收斂 | 放量吸收 | 結構尚可,PRE 佈局型：等待突破確認，小倉觀察，不主動重倉,PRE 是主升段前卡位，只能小倉。,BLOCK：超出本市場狀態可執行名額
101,PRE,87,2,1733,TEST,72.0,80.0,WAIT,BLOCK,False,28.3,50以下,0.0,0,不可下單,波動壓縮 | 安靜吸籌 | 均線收斂 | 放量吸收 | 結構尚可,PRE 佈局型：等待突破確認，小倉觀察，不主動重倉,PRE 是主升段前卡位，只能小倉。,BLOCK：超出本市場狀態可執行名額
102,PRE,88,2,3632,TEST,72.0,80.0,WAIT,BLOCK,False,8.77,50以下,0.0,0,不可下單,波動壓縮 | 安靜吸籌 | 均線收斂 | 放量吸收 | 結構尚可,PRE 佈局型：等待突破確認，小倉觀察，不主動重倉,PRE 是主升段前卡位，只能小倉。,BLOCK：超出本市場狀態可執行名額
103,PRE,89,2,2438,TEST,72.0,75.0,WAIT,BLOCK,False,22.8,50以下,0.0,0,不可下單,波動壓縮 | 安靜吸籌 | 均線收斂 | 接近突破 | 結構尚可,PRE 佈局型：等待突破確認，小倉觀察，不主動重倉,PRE 是主升段前卡位，只能小倉。,BLOCK：超出本市場狀態可執行名額
104,PRE,90,2,6859,TEST,72.0,75.0,WAIT,BLOCK,False,124.5,100-500,0.0,0,不可下單,波動壓縮 | 安靜吸籌 | 均線收斂 | 接近突破 | 結構尚可,PRE 佈局型：等待突破確認，小倉觀察，不主動重倉,PRE 是主升段前卡位，只能小倉。,BLOCK：超出本市場狀態可執行名額
105,PRE,91,2,1455,TEST,72.0,70.0,WAIT,BLOCK,False,8.09,50以下,0.0,0,不可下單,波動壓縮 | 安靜吸籌 | 均線收斂 | 放量吸收 | 結構尚可,PRE 佈局型：等待突破確認，小倉觀察，不主動重倉,PRE 是主升段前卡位，只能小倉。,BLOCK：超出本市場狀態可執行名額
106,PRE,92,2,2520,TEST,72.0,70.0,WAIT,BLOCK,False,29.15,50以下,0.0,0,不可下單,波動壓縮 | 安靜吸籌 | 均線收斂 | 放量吸收 | 結構尚可,PRE 佈局型：等待突破確認，小倉觀察，不主動重倉,PRE 是主升段前卡位，只能小倉。,BLOCK：超出本市場狀態可執行名額
107,PRE,93,2,4133,TEST,72.0,70.0,WAIT,BLOCK,False,21.4,50以下,0.0,0,不可下單,波動壓縮 | 安靜吸籌 | 均線收斂 | 放量吸收 | 結構尚可,PRE 佈局型：等待突破確認，小倉觀察，不主動重倉,PRE 是主升段前卡位，只能小倉。,BLOCK：超出本市場狀態可執行名額
108,PRE,94,2,6504,TEST,72.0,70.0,WAIT,BLOCK,False,38.9,50以下,0.0,0,不可下單,波動壓縮 | 安靜吸籌 | 均線收斂 | 放量吸收 | 結構尚可,PRE 佈局型：等待突破確認，小倉觀察，不主動重倉,PRE 是主升段前卡位，只能小倉。,BLOCK：超出本市場狀態可執行名額
109,PRE,95,2,8473,TEST,72.0,70.0,WAIT,BLOCK,False,35.4,50以下,0.0,0,不可下單,波動壓縮 | 安靜吸籌 | 均線收斂 | 放量吸收 | 結構尚可,PRE 佈局型：等待突破確認，小倉觀察，不主動重倉,PRE 是主升段前卡位，只能小倉。,BLOCK：超出本市場狀態可執行名額
110,PRE,96,2,2634,WATCH,62.0,100.0,WAIT,BLOCK,False,48.95,50以下,0.0,0,不可下單,波動壓縮 | 洗盤收回 | 均線收斂 | 接近突破,PRE 佈局型：等待突破確認，小倉觀察，不主動重倉,PRE 是主升段前卡位，只能小倉。,BLOCK：超出本市場狀態可執行名額
111,PRE,97,2,1537,TEST,68.0,80.0,WAIT,BLOCK,False,122.0,100-500,0.0,0,不可下單,安靜吸籌 | 均線收斂 | 放量吸收 | 接近突破 | 結構尚可,PRE 佈局型：等待突破確認，小倉觀察，不主動重倉,PRE 是主升段前卡位，只能小倉。,BLOCK：超出本市場狀態可執行名額
112,PRE,98,2,1598,TEST,68.0,80.0,WAIT,BLOCK,False,20.5,50以下,0.0,0,不可下單,安靜吸籌 | 均線收斂 | 放量吸收 | 接近突破 | 結構尚可,PRE 佈局型：等待突破確認，小倉觀察，不主動重倉,PRE 是主升段前卡位，只能小倉。,BLOCK：超出本市場狀態可執行名額
113,PRE,99,2,1737,TEST,68.0,80.0,WAIT,BLOCK,False,31.6,50以下,0.0,0,不可下單,安靜吸籌 | 均線收斂 | 放量吸收 | 接近突破 | 結構尚可,PRE 佈局型：等待突破確認，小倉觀察，不主動重倉,PRE 是主升段前卡位，只能小倉。,BLOCK：超出本市場狀態可執行名額
114,PRE,100,2,2008,TEST,68.0,80.0,WAIT,BLOCK,False,27.5,50以下,0.0,0,不可下單,安靜吸籌 | 均線收斂 | 放量吸收 | 接近突破 | 結構尚可,PRE 佈局型：等待突破確認，小倉觀察，不主動重倉,PRE 是主升段前卡位，只能小倉。,BLOCK：超出本市場狀態可執行名額
115,PRE,101,2,2023,TEST,68.0,80.0,WAIT,BLOCK,False,13.9,50以下,0.0,0,不可下單,安靜吸籌 | 均線收斂 | 放量吸收 | 接近突破 | 結構尚可,PRE 佈局型：等待突破確認，小倉觀察，不主動重倉,PRE 是主升段前卡位，只能小倉。,BLOCK：超出本市場狀態可執行名額
116,PRE,102,2,2062,TEST,68.0,80.0,WAIT,BLOCK,False,20.9,50以下,0.0,0,不可下單,安靜吸籌 | 洗盤收回 | 均線收斂 | 放量吸收 | 結構尚可,PRE 佈局型：等待突破確認，小倉觀察，不主動重倉,PRE 是主升段前卡位，只能小倉。,BLOCK：超出本市場狀態可執行名額
117,PRE,103,2,2511,TEST,68.0,80.0,WAIT,BLOCK,False,7.86,50以下,0.0,0,不可下單,安靜吸籌 | 均線收斂 | 放量吸收 | 接近突破 | 結構尚可,PRE 佈局型：等待突破確認，小倉觀察，不主動重倉,PRE 是主升段前卡位，只能小倉。,BLOCK：超出本市場狀態可執行名額
118,PRE,104,2,2516,TEST,68.0,80.0,WAIT,BLOCK,False,13.9,50以下,0.0,0,不可下單,安靜吸籌 | 均線收斂 | 放量吸收 | 接近突破 | 結構尚可,PRE 佈局型：等待突破確認，小倉觀察，不主動重倉,PRE 是主升段前卡位，只能小倉。,BLOCK：超出本市場狀態可執行名額
119,PRE,105,2,2534,TEST,68.0,80.0,WAIT,BLOCK,False,18.9,50以下,0.0,0,不可下單,安靜吸籌 | 均線收斂 | 放量吸收 | 接近突破 | 結構尚可,PRE 佈局型：等待突破確認，小倉觀察，不主動重倉,PRE 是主升段前卡位，只能小倉。,BLOCK：超出本市場狀態可執行名額
120,PRE,106,2,2729,TEST,68.0,80.0,WAIT,BLOCK,False,165.0,100-500,0.0,0,不可下單,安靜吸籌 | 均線收斂 | 放量吸收 | 接近突破 | 結構尚可,PRE 佈局型：等待突破確認，小倉觀察，不主動重倉,PRE 是主升段前卡位，只能小倉。,BLOCK：超出本市場狀態可執行名額
121,PRE,107,2,2881,TEST,68.0,80.0,WAIT,BLOCK,False,91.0,50-100,0.0,0,不可下單,安靜吸籌 | 均線收斂 | 放量吸收 | 接近突破 | 結構尚可,PRE 佈局型：等待突破確認，小倉觀察，不主動重倉,PRE 是主升段前卡位，只能小倉。,BLOCK：超出本市場狀態可執行名額
122,PRE,108,2,2892,TEST,68.0,80.0,WAIT,BLOCK,False,28.25,50以下,0.0,0,不可下單,安靜吸籌 | 均線收斂 | 放量吸收 | 接近突破 | 結構尚可,PRE 佈局型：等待突破確認，小倉觀察，不主動重倉,PRE 是主升段前卡位，只能小倉。,BLOCK：超出本市場狀態可執行名額
123,PRE,109,2,4116,TEST,68.0,80.0,WAIT,BLOCK,False,40.0,50以下,0.0,0,不可下單,安靜吸籌 | 均線收斂 | 放量吸收 | 接近突破 | 結構尚可,PRE 佈局型：等待突破確認，小倉觀察，不主動重倉,PRE 是主升段前卡位，只能小倉。,BLOCK：超出本市場狀態可執行名額
124,PRE,110,2,4155,TEST,68.0,80.0,WAIT,BLOCK,False,13.15,50以下,0.0,0,不可下單,安靜吸籌 | 均線收斂 | 放量吸收 | 接近突破 | 結構尚可,PRE 佈局型：等待突破確認，小倉觀察，不主動重倉,PRE 是主升段前卡位，只能小倉。,BLOCK：超出本市場狀態可執行名額
125,PRE,111,2,4205,TEST,68.0,80.0,WAIT,BLOCK,False,74.2,50-100,0.0,0,不可下單,安靜吸籌 | 均線收斂 | 放量吸收 | 接近突破 | 結構尚可,PRE 佈局型：等待突破確認，小倉觀察，不主動重倉,PRE 是主升段前卡位，只能小倉。,BLOCK：超出本市場狀態可執行名額
126,PRE,112,2,4413,TEST,68.0,80.0,WAIT,BLOCK,False,18.9,50以下,0.0,0,不可下單,安靜吸籌 | 均線收斂 | 放量吸收 | 接近突破 | 結構尚可,PRE 佈局型：等待突破確認，小倉觀察，不主動重倉,PRE 是主升段前卡位，只能小倉。,BLOCK：超出本市場狀態可執行名額
127,PRE,113,2,4728,TEST,68.0,80.0,WAIT,BLOCK,False,384.5,100-500,0.0,0,不可下單,安靜吸籌 | 均線收斂 | 放量吸收 | 接近突破 | 結構尚可,PRE 佈局型：等待突破確認，小倉觀察，不主動重倉,PRE 是主升段前卡位，只能小倉。,BLOCK：超出本市場狀態可執行名額
128,PRE,114,2,5902,TEST,68.0,80.0,WAIT,BLOCK,False,38.3,50以下,0.0,0,不可下單,安靜吸籌 | 均線收斂 | 放量吸收 | 接近突破 | 結構尚可,PRE 佈局型：等待突破確認，小倉觀察，不主動重倉,PRE 是主升段前卡位，只能小倉。,BLOCK：超出本市場狀態可執行名額
129,PRE,115,2,6023,TEST,68.0,80.0,WAIT,BLOCK,False,100.0,100-500,0.0,0,不可下單,安靜吸籌 | 均線收斂 | 放量吸收 | 接近突破 | 結構尚可,PRE 佈局型：等待突破確認，小倉觀察，不主動重倉,PRE 是主升段前卡位，只能小倉。,BLOCK：超出本市場狀態可執行名額
130,PRE,116,2,6154,TEST,68.0,80.0,WAIT,BLOCK,False,13.0,50以下,0.0,0,不可下單,安靜吸籌 | 均線收斂 | 放量吸收 | 接近突破 | 結構尚可,PRE 佈局型：等待突破確認，小倉觀察，不主動重倉,PRE 是主升段前卡位，只能小倉。,BLOCK：超出本市場狀態可執行名額
131,PRE,117,2,6242,TEST,68.0,80.0,WAIT,BLOCK,False,38.4,50以下,0.0,0,不可下單,安靜吸籌 | 均線收斂 | 放量吸收 | 接近突破 | 結構尚可,PRE 佈局型：等待突破確認，小倉觀察，不主動重倉,PRE 是主升段前卡位，只能小倉。,BLOCK：超出本市場狀態可執行名額
132,PRE,118,2,6666,TEST,68.0,80.0,WAIT,BLOCK,False,40.2,50以下,0.0,0,不可下單,安靜吸籌 | 洗盤收回 | 均線收斂 | 放量吸收 | 結構尚可,PRE 佈局型：等待突破確認，小倉觀察，不主動重倉,PRE 是主升段前卡位，只能小倉。,BLOCK：超出本市場狀態可執行名額
133,PRE,119,2,6856,TEST,68.0,80.0,WAIT,BLOCK,False,51.0,50-100,0.0,0,不可下單,安靜吸籌 | 均線收斂 | 放量吸收 | 接近突破 | 結構尚可,PRE 佈局型：等待突破確認，小倉觀察，不主動重倉,PRE 是主升段前卡位，只能小倉。,BLOCK：超出本市場狀態可執行名額
134,PRE,120,2,8432,TEST,68.0,80.0,WAIT,BLOCK,False,49.75,50以下,0.0,0,不可下單,安靜吸籌 | 均線收斂 | 放量吸收 | 接近突破 | 結構尚可,PRE 佈局型：等待突破確認，小倉觀察，不主動重倉,PRE 是主升段前卡位，只能小倉。,BLOCK：超出本市場狀態可執行名額
135,PRE,121,2,9912,TEST,68.0,80.0,WAIT,BLOCK,False,12.8,50以下,0.0,0,不可下單,安靜吸籌 | 均線收斂 | 放量吸收 | 接近突破 | 結構尚可,PRE 佈局型：等待突破確認，小倉觀察，不主動重倉,PRE 是主升段前卡位，只能小倉。,BLOCK：超出本市場狀態可執行名額
136,PRE,122,2,1419,TEST,66.0,85.0,WAIT,BLOCK,False,64.8,50-100,0.0,0,不可下單,波動壓縮 | 安靜吸籌 | 均線收斂 | 接近突破,PRE 佈局型：等待突破確認，小倉觀察，不主動重倉,PRE 是主升段前卡位，只能小倉。,BLOCK：超出本市場狀態可執行名額
137,PRE,123,2,1464,TEST,66.0,80.0,WAIT,BLOCK,False,9.94,50以下,0.0,0,不可下單,波動壓縮 | 安靜吸籌 | 均線收斂 | 放量吸收,PRE 佈局型：等待突破確認，小倉觀察，不主動重倉,PRE 是主升段前卡位，只能小倉。,BLOCK：超出本市場狀態可執行名額
138,PRE,124,2,1521,TEST,66.0,80.0,WAIT,BLOCK,False,24.55,50以下,0.0,0,不可下單,波動壓縮 | 安靜吸籌 | 均線收斂 | 放量吸收,PRE 佈局型：等待突破確認，小倉觀察，不主動重倉,PRE 是主升段前卡位，只能小倉。,BLOCK：超出本市場狀態可執行名額
139,PRE,125,2,4192,TEST,66.0,80.0,WAIT,BLOCK,False,20.6,50以下,0.0,0,不可下單,波動壓縮 | 安靜吸籌 | 均線收斂 | 接近突破,PRE 佈局型：等待突破確認，小倉觀察，不主動重倉,PRE 是主升段前卡位，只能小倉。,BLOCK：超出本市場狀態可執行名額
140,PRE,126,2,6221,TEST,66.0,80.0,WAIT,BLOCK,False,25.85,50以下,0.0,0,不可下單,波動壓縮 | 安靜吸籌 | 均線收斂 | 放量吸收,PRE 佈局型：等待突破確認，小倉觀察，不主動重倉,PRE 是主升段前卡位，只能小倉。,BLOCK：超出本市場狀態可執行名額
141,PRE,127,2,8071,TEST,66.0,80.0,WAIT,BLOCK,False,16.1,50以下,0.0,0,不可下單,波動壓縮 | 安靜吸籌 | 均線收斂 | 接近突破,PRE 佈局型：等待突破確認，小倉觀察，不主動重倉,PRE 是主升段前卡位，只能小倉。,BLOCK：超出本市場狀態可執行名額
142,PRE,128,2,3684,TEST,72.0,60.0,WAIT,BLOCK,False,60.1,50-100,0.0,0,不可下單,波動壓縮 | 安靜吸籌 | 均線收斂 | 接近突破 | 結構尚可,PRE 條件未完整，僅保留觀察,PRE 是主升段前卡位，只能小倉。,BLOCK：超出本市場狀態可執行名額
143,PRE,129,2,1776,TEST,68.0,70.0,WAIT,BLOCK,False,16.8,50以下,0.0,0,不可下單,安靜吸籌 | 均線收斂 | 放量吸收 | 接近突破 | 結構尚可,PRE 佈局型：等待突破確認，小倉觀察，不主動重倉,PRE 是主升段前卡位，只能小倉。,BLOCK：超出本市場狀態可執行名額
144,PRE,130,2,2538,TEST,68.0,70.0,WAIT,BLOCK,False,9.6,50以下,0.0,0,不可下單,安靜吸籌 | 均線收斂 | 放量吸收 | 接近突破 | 結構尚可,PRE 佈局型：等待突破確認，小倉觀察，不主動重倉,PRE 是主升段前卡位，只能小倉。,BLOCK：超出本市場狀態可執行名額
145,PRE,131,2,3356,TEST,68.0,70.0,WAIT,BLOCK,False,54.2,50-100,0.0,0,不可下單,安靜吸籌 | 均線收斂 | 放量吸收 | 接近突破 | 結構尚可,PRE 佈局型：等待突破確認，小倉觀察，不主動重倉,PRE 是主升段前卡位，只能小倉。,BLOCK：超出本市場狀態可執行名額
146,PRE,132,2,1720,WATCH,58.0,100.0,WAIT,BLOCK,False,60.7,50-100,0.0,0,不可下單,波動壓縮 | 安靜吸籌 | 均線收斂 | 結構尚可,PRE 佈局型：等待突破確認，小倉觀察，不主動重倉,PRE 是主升段前卡位，只能小倉。,BLOCK：超出本市場狀態可執行名額
147,PRE,133,2,2235,WATCH,58.0,100.0,WAIT,BLOCK,False,32.0,50以下,0.0,0,不可下單,波動壓縮 | 安靜吸籌 | 均線收斂 | 結構尚可,PRE 佈局型：等待突破確認，小倉觀察，不主動重倉,PRE 是主升段前卡位，只能小倉。,BLOCK：超出本市場狀態可執行名額
148,PRE,134,2,2838,WATCH,58.0,100.0,WAIT,BLOCK,False,20.15,50以下,0.0,0,不可下單,波動壓縮 | 安靜吸籌 | 均線收斂 | 結構尚可,PRE 佈局型：等待突破確認，小倉觀察，不主動重倉,PRE 是主升段前卡位，只能小倉。,BLOCK：超出本市場狀態可執行名額
149,PRE,135,2,2887,WATCH,58.0,100.0,WAIT,BLOCK,False,23.5,50以下,0.0,0,不可下單,波動壓縮 | 安靜吸籌 | 均線收斂 | 結構尚可,PRE 佈局型：等待突破確認，小倉觀察，不主動重倉,PRE 是主升段前卡位，只能小倉。,BLOCK：超出本市場狀態可執行名額
150,PRE,136,2,4735,WATCH,58.0,100.0,WAIT,BLOCK,False,30.0,50以下,0.0,0,不可下單,波動壓縮 | 安靜吸籌 | 均線收斂 | 結構尚可,PRE 佈局型：等待突破確認，小倉觀察，不主動重倉,PRE 是主升段前卡位，只能小倉。,BLOCK：超出本市場狀態可執行名額
151,PRE,137,2,5460,WATCH,58.0,100.0,WAIT,BLOCK,False,14.85,50以下,0.0,0,不可下單,波動壓縮 | 安靜吸籌 | 均線收斂 | 結構尚可,PRE 佈局型：等待突破確認，小倉觀察，不主動重倉,PRE 是主升段前卡位，只能小倉。,BLOCK：超出本市場狀態可執行名額
152,PRE,138,2,6616,WATCH,58.0,100.0,WAIT,BLOCK,False,9.95,50以下,0.0,0,不可下單,波動壓縮 | 安靜吸籌 | 均線收斂 | 結構尚可,PRE 佈局型：等待突破確認，小倉觀察，不主動重倉,PRE 是主升段前卡位，只能小倉。,BLOCK：超出本市場狀態可執行名額
153,PRE,139,2,8076,WATCH,58.0,100.0,WAIT,BLOCK,False,22.35,50以下,0.0,0,不可下單,波動壓縮 | 安靜吸籌 | 均線收斂 | 結構尚可,PRE 佈局型：等待突破確認，小倉觀察，不主動重倉,PRE 是主升段前卡位，只能小倉。,BLOCK：超出本市場狀態可執行名額
154,PRE,140,2,3564,TEST,66.0,75.0,WAIT,BLOCK,False,41.85,50以下,0.0,0,不可下單,波動壓縮 | 安靜吸籌 | 均線收斂 | 接近突破,PRE 佈局型：等待突破確認，小倉觀察，不主動重倉,PRE 是主升段前卡位，只能小倉。,BLOCK：超出本市場狀態可執行名額
155,PRE,141,2,5203,TEST,66.0,75.0,WAIT,BLOCK,False,66.8,50-100,0.0,0,不可下單,波動壓縮 | 安靜吸籌 | 均線收斂 | 接近突破,PRE 佈局型：等待突破確認，小倉觀察，不主動重倉,PRE 是主升段前卡位，只能小倉。,BLOCK：超出本市場狀態可執行名額
156,PRE,142,2,6188,TEST,66.0,75.0,WAIT,BLOCK,False,84.8,50-100,0.0,0,不可下單,波動壓縮 | 安靜吸籌 | 均線收斂 | 接近突破,PRE 佈局型：等待突破確認，小倉觀察，不主動重倉,PRE 是主升段前卡位，只能小倉。,BLOCK：超出本市場狀態可執行名額
157,PRE,143,2,6574,TEST,72.0,55.0,WAIT,BLOCK,False,103.5,100-500,0.0,0,不可下單,波動壓縮 | 安靜吸籌 | 均線收斂 | 放量吸收 | 結構尚可,PRE 條件未完整，僅保留觀察,PRE 是主升段前卡位，只能小倉。,BLOCK：超出本市場狀態可執行名額
158,PRE,144,2,3479,TEST,68.0,65.0,WAIT,BLOCK,False,93.9,50-100,0.0,0,不可下單,安靜吸籌 | 均線收斂 | 放量吸收 | 接近突破 | 結構尚可,PRE 條件未完整，僅保留觀察,PRE 是主升段前卡位，只能小倉。,BLOCK：超出本市場狀態可執行名額
159,PRE,145,2,5009,TEST,68.0,65.0,WAIT,BLOCK,False,33.4,50以下,0.0,0,不可下單,安靜吸籌 | 均線收斂 | 放量吸收 | 接近突破 | 結構尚可,PRE 條件未完整，僅保留觀察,PRE 是主升段前卡位，只能小倉。,BLOCK：超出本市場狀態可執行名額
160,PRE,146,2,5523,TEST,68.0,65.0,WAIT,BLOCK,False,30.4,50以下,0.0,0,不可下單,安靜吸籌 | 均線收斂 | 放量吸收 | 接近突破 | 結構尚可,PRE 條件未完整，僅保留觀察,PRE 是主升段前卡位，只能小倉。,BLOCK：超出本市場狀態可執行名額
161,PRE,147,2,2012,TEST,66.0,70.0,WAIT,BLOCK,False,14.8,50以下,0.0,0,不可下單,波動壓縮 | 安靜吸籌 | 均線收斂 | 放量吸收,PRE 佈局型：等待突破確認，小倉觀察，不主動重倉,PRE 是主升段前卡位，只能小倉。,BLOCK：超出本市場狀態可執行名額
162,PRE,148,2,6931,TEST,66.0,70.0,WAIT,BLOCK,False,45.7,50以下,0.0,0,不可下單,波動壓縮 | 安靜吸籌 | 均線收斂 | 放量吸收,PRE 佈局型：等待突破確認，小倉觀察，不主動重倉,PRE 是主升段前卡位，只能小倉。,BLOCK：超出本市場狀態可執行名額
163,PRE,149,2,8929,TEST,66.0,70.0,WAIT,BLOCK,False,14.8,50以下,0.0,0,不可下單,波動壓縮 | 安靜吸籌 | 均線收斂 | 放量吸收,PRE 佈局型：等待突破確認，小倉觀察，不主動重倉,PRE 是主升段前卡位，只能小倉。,BLOCK：超出本市場狀態可執行名額
164,PRE,150,2,1608,WATCH,62.0,80.0,WAIT,BLOCK,False,33.6,50以下,0.0,0,不可下單,波動壓縮 | 均線收斂 | 放量吸收 | 接近突破,PRE 佈局型：等待突破確認，小倉觀察，不主動重倉,PRE 是主升段前卡位，只能小倉。,BLOCK：超出本市場狀態可執行名額
165,PRE,151,2,1609,WATCH,62.0,80.0,WAIT,BLOCK,False,33.2,50以下,0.0,0,不可下單,波動壓縮 | 均線收斂 | 放量吸收 | 接近突破,PRE 佈局型：等待突破確認，小倉觀察，不主動重倉,PRE 是主升段前卡位，只能小倉。,BLOCK：超出本市場狀態可執行名額
166,PRE,152,2,6728,WATCH,62.0,80.0,WAIT,BLOCK,False,114.5,100-500,0.0,0,不可下單,安靜吸籌 | 均線收斂 | 放量吸收 | 接近突破,PRE 佈局型：等待突破確認，小倉觀察，不主動重倉,PRE 是主升段前卡位，只能小倉。,BLOCK：超出本市場狀態可執行名額
167,PRE,153,2,6757,WATCH,62.0,80.0,WAIT,BLOCK,False,50.9,50-100,0.0,0,不可下單,波動壓縮 | 均線收斂 | 放量吸收 | 接近突破,PRE 佈局型：等待突破確認，小倉觀察，不主動重倉,PRE 是主升段前卡位，只能小倉。,BLOCK：超出本市場狀態可執行名額
168,PRE,154,2,9921,WATCH,62.0,80.0,WAIT,BLOCK,False,68.9,50-100,0.0,0,不可下單,安靜吸籌 | 均線收斂 | 放量吸收 | 接近突破,PRE 佈局型：等待突破確認，小倉觀察，不主動重倉,PRE 是主升段前卡位，只能小倉。,BLOCK：超出本市場狀態可執行名額
169,PRE,155,2,1229,WATCH,58.0,90.0,WAIT,BLOCK,False,41.25,50以下,0.0,0,不可下單,波動壓縮 | 安靜吸籌 | 均線收斂 | 結構尚可,PRE 佈局型：等待突破確認，小倉觀察，不主動重倉,PRE 是主升段前卡位，只能小倉。,BLOCK：超出本市場狀態可執行名額
170,PRE,156,2,2890,WATCH,58.0,90.0,WAIT,BLOCK,False,30.55,50以下,0.0,0,不可下單,波動壓縮 | 安靜吸籌 | 均線收斂 | 結構尚可,PRE 佈局型：等待突破確認，小倉觀察，不主動重倉,PRE 是主升段前卡位，只能小倉。,BLOCK：超出本市場狀態可執行名額
171,PRE,157,2,1104,WATCH,54.0,100.0,WAIT,BLOCK,False,28.25,50以下,0.0,0,不可下單,波動壓縮 | 均線收斂 | 接近突破 | 結構尚可,PRE 佈局型：等待突破確認，小倉觀察，不主動重倉,PRE 是主升段前卡位，只能小倉。,BLOCK：超出本市場狀態可執行名額
172,PRE,158,2,1216,WATCH,54.0,100.0,WAIT,BLOCK,False,69.6,50-100,0.0,0,不可下單,波動壓縮 | 均線收斂 | 接近突破 | 結構尚可,PRE 佈局型：等待突破確認，小倉觀察，不主動重倉,PRE 是主升段前卡位，只能小倉。,BLOCK：超出本市場狀態可執行名額
173,PRE,159,2,1232,WATCH,54.0,100.0,WAIT,BLOCK,False,148.0,100-500,0.0,0,不可下單,波動壓縮 | 均線收斂 | 接近突破 | 結構尚可,PRE 佈局型：等待突破確認，小倉觀察，不主動重倉,PRE 是主升段前卡位，只能小倉。,BLOCK：超出本市場狀態可執行名額
174,PRE,160,2,1294,WATCH,54.0,100.0,WAIT,BLOCK,False,79.7,50-100,0.0,0,不可下單,波動壓縮 | 均線收斂 | 接近突破 | 結構尚可,PRE 佈局型：等待突破確認，小倉觀察，不主動重倉,PRE 是主升段前卡位，只能小倉。,BLOCK：超出本市場狀態可執行名額
175,PRE,161,2,1325,WATCH,54.0,100.0,WAIT,BLOCK,False,26.4,50以下,0.0,0,不可下單,波動壓縮 | 均線收斂 | 接近突破 | 結構尚可,PRE 佈局型：等待突破確認，小倉觀察，不主動重倉,PRE 是主升段前卡位，只能小倉。,BLOCK：超出本市場狀態可執行名額
176,PRE,162,2,1341,WATCH,54.0,100.0,WAIT,BLOCK,False,60.8,50-100,0.0,0,不可下單,波動壓縮 | 均線收斂 | 接近突破 | 結構尚可,PRE 佈局型：等待突破確認，小倉觀察，不主動重倉,PRE 是主升段前卡位，只能小倉。,BLOCK：超出本市場狀態可執行名額
177,PRE,163,2,1402,WATCH,54.0,100.0,WAIT,BLOCK,False,25.45,50以下,0.0,0,不可下單,波動壓縮 | 均線收斂 | 接近突破 | 結構尚可,PRE 佈局型：等待突破確認，小倉觀察，不主動重倉,PRE 是主升段前卡位，只能小倉。,BLOCK：超出本市場狀態可執行名額
178,PRE,164,2,1447,WATCH,54.0,100.0,WAIT,BLOCK,False,4.99,50以下,0.0,0,不可下單,波動壓縮 | 洗盤收回 | 均線收斂 | 結構尚可,PRE 佈局型：等待突破確認，小倉觀察，不主動重倉,PRE 是主升段前卡位，只能小倉。,BLOCK：超出本市場狀態可執行名額
179,PRE,165,2,1460,WATCH,54.0,100.0,WAIT,BLOCK,False,6.98,50以下,0.0,0,不可下單,波動壓縮 | 均線收斂 | 接近突破 | 結構尚可,PRE 佈局型：等待突破確認，小倉觀察，不主動重倉,PRE 是主升段前卡位，只能小倉。,BLOCK：超出本市場狀態可執行名額
180,PRE,166,2,1512,WATCH,54.0,100.0,WAIT,BLOCK,False,7.45,50以下,0.0,0,不可下單,波動壓縮 | 均線收斂 | 接近突破 | 結構尚可,PRE 佈局型：等待突破確認，小倉觀察，不主動重倉,PRE 是主升段前卡位，只能小倉。,BLOCK：超出本市場狀態可執行名額
181,PRE,167,2,1527,WATCH,54.0,100.0,WAIT,BLOCK,False,32.5,50以下,0.0,0,不可下單,波動壓縮 | 均線收斂 | 接近突破 | 結構尚可,PRE 佈局型：等待突破確認，小倉觀察，不主動重倉,PRE 是主升段前卡位，只能小倉。,BLOCK：超出本市場狀態可執行名額
182,PRE,168,2,1531,WATCH,54.0,100.0,WAIT,BLOCK,False,12.9,50以下,0.0,0,不可下單,波動壓縮 | 均線收斂 | 接近突破 | 結構尚可,PRE 佈局型：等待突破確認，小倉觀察，不主動重倉,PRE 是主升段前卡位，只能小倉。,BLOCK：超出本市場狀態可執行名額
183,PRE,169,2,1535,WATCH,54.0,100.0,WAIT,BLOCK,False,50.5,50-100,0.0,0,不可下單,波動壓縮 | 均線收斂 | 接近突破 | 結構尚可,PRE 佈局型：等待突破確認，小倉觀察，不主動重倉,PRE 是主升段前卡位，只能小倉。,BLOCK：超出本市場狀態可執行名額
184,PRE,170,2,1558,WATCH,54.0,100.0,WAIT,BLOCK,False,91.3,50-100,0.0,0,不可下單,波動壓縮 | 均線收斂 | 接近突破 | 結構尚可,PRE 佈局型：等待突破確認，小倉觀察，不主動重倉,PRE 是主升段前卡位，只能小倉。,BLOCK：超出本市場狀態可執行名額
185,PRE,171,2,1614,WATCH,54.0,100.0,WAIT,BLOCK,False,31.8,50以下,0.0,0,不可下單,波動壓縮 | 均線收斂 | 接近突破 | 結構尚可,PRE 佈局型：等待突破確認，小倉觀察，不主動重倉,PRE 是主升段前卡位，只能小倉。,BLOCK：超出本市場狀態可執行名額
186,PRE,172,2,1712,WATCH,54.0,100.0,WAIT,BLOCK,False,42.15,50以下,0.0,0,不可下單,波動壓縮 | 均線收斂 | 接近突破 | 結構尚可,PRE 佈局型：等待突破確認，小倉觀察，不主動重倉,PRE 是主升段前卡位，只能小倉。,BLOCK：超出本市場狀態可執行名額
187,PRE,173,2,1730,WATCH,54.0,100.0,WAIT,BLOCK,False,52.4,50-100,0.0,0,不可下單,波動壓縮 | 均線收斂 | 接近突破 | 結構尚可,PRE 佈局型：等待突破確認，小倉觀察，不主動重倉,PRE 是主升段前卡位，只能小倉。,BLOCK：超出本市場狀態可執行名額
188,PRE,174,2,1817,WATCH,54.0,100.0,WAIT,BLOCK,False,38.55,50以下,0.0,0,不可下單,波動壓縮 | 均線收斂 | 接近突破 | 結構尚可,PRE 佈局型：等待突破確認，小倉觀察，不主動重倉,PRE 是主升段前卡位，只能小倉。,BLOCK：超出本市場狀態可執行名額
189,PRE,175,2,2010,WATCH,54.0,100.0,WAIT,BLOCK,False,24.7,50以下,0.0,0,不可下單,波動壓縮 | 均線收斂 | 接近突破 | 結構尚可,PRE 佈局型：等待突破確認，小倉觀察，不主動重倉,PRE 是主升段前卡位，只能小倉。,BLOCK：超出本市場狀態可執行名額
190,PRE,176,2,2013,WATCH,54.0,100.0,WAIT,BLOCK,False,42.7,50以下,0.0,0,不可下單,波動壓縮 | 均線收斂 | 接近突破 | 結構尚可,PRE 佈局型：等待突破確認，小倉觀察，不主動重倉,PRE 是主升段前卡位，只能小倉。,BLOCK：超出本市場狀態可執行名額
191,PRE,177,2,2064,WATCH,54.0,100.0,WAIT,BLOCK,False,11.95,50以下,0.0,0,不可下單,安靜吸籌 | 均線收斂 | 接近突破 | 結構尚可,PRE 佈局型：等待突破確認，小倉觀察，不主動重倉,PRE 是主升段前卡位，只能小倉。,BLOCK：超出本市場狀態可執行名額
192,PRE,178,2,2109,WATCH,54.0,100.0,WAIT,BLOCK,False,14.3,50以下,0.0,0,不可下單,波動壓縮 | 均線收斂 | 接近突破 | 結構尚可,PRE 佈局型：等待突破確認，小倉觀察，不主動重倉,PRE 是主升段前卡位，只能小倉。,BLOCK：超出本市場狀態可執行名額
193,PRE,179,2,2204,WATCH,54.0,100.0,WAIT,BLOCK,False,54.5,50-100,0.0,0,不可下單,波動壓縮 | 均線收斂 | 接近突破 | 結構尚可,PRE 佈局型：等待突破確認，小倉觀察，不主動重倉,PRE 是主升段前卡位，只能小倉。,BLOCK：超出本市場狀態可執行名額
194,PRE,180,2,2211,WATCH,54.0,100.0,WAIT,BLOCK,False,98.1,50-100,0.0,0,不可下單,波動壓縮 | 均線收斂 | 接近突破 | 結構尚可,PRE 佈局型：等待突破確認，小倉觀察，不主動重倉,PRE 是主升段前卡位，只能小倉。,BLOCK：超出本市場狀態可執行名額
195,PRE,181,2,2353,WATCH,54.0,100.0,WAIT,BLOCK,False,28.05,50以下,0.0,0,不可下單,波動壓縮 | 均線收斂 | 接近突破 | 結構尚可,PRE 佈局型：等待突破確認，小倉觀察，不主動重倉,PRE 是主升段前卡位，只能小倉。,BLOCK：超出本市場狀態可執行名額
196,PRE,182,2,2357,WATCH,54.0,100.0,WAIT,BLOCK,False,591.0,500-1000,0.0,0,不可下單,波動壓縮 | 均線收斂 | 接近突破 | 結構尚可,PRE 佈局型：等待突破確認，小倉觀察，不主動重倉,PRE 是主升段前卡位，只能小倉。,BLOCK：超出本市場狀態可執行名額
197,PRE,183,2,2420,WATCH,54.0,100.0,WAIT,BLOCK,False,55.4,50-100,0.0,0,不可下單,波動壓縮 | 均線收斂 | 接近突破 | 結構尚可,PRE 佈局型：等待突破確認，小倉觀察，不主動重倉,PRE 是主升段前卡位，只能小倉。,BLOCK：超出本市場狀態可執行名額
198,PRE,184,2,2450,WATCH,54.0,100.0,WAIT,BLOCK,False,29.6,50以下,0.0,0,不可下單,波動壓縮 | 均線收斂 | 接近突破 | 結構尚可,PRE 佈局型：等待突破確認，小倉觀察，不主動重倉,PRE 是主升段前卡位，只能小倉。,BLOCK：超出本市場狀態可執行名額
199,PRE,185,2,2498,WATCH,54.0,100.0,WAIT,BLOCK,False,41.1,50以下,0.0,0,不可下單,波動壓縮 | 均線收斂 | 接近突破 | 結構尚可,PRE 佈局型：等待突破確認，小倉觀察，不主動重倉,PRE 是主升段前卡位，只能小倉。,BLOCK：超出本市場狀態可執行名額
200,PRE,186,2,2506,WATCH,54.0,100.0,WAIT,BLOCK,False,8.84,50以下,0.0,0,不可下單,波動壓縮 | 均線收斂 | 接近突破 | 結構尚可,PRE 佈局型：等待突破確認，小倉觀察，不主動重倉,PRE 是主升段前卡位，只能小倉。,BLOCK：超出本市場狀態可執行名額
201,PRE,187,2,2514,WATCH,54.0,100.0,WAIT,BLOCK,False,13.25,50以下,0.0,0,不可下單,波動壓縮 | 均線收斂 | 接近突破 | 結構尚可,PRE 佈局型：等待突破確認，小倉觀察，不主動重倉,PRE 是主升段前卡位，只能小倉。,BLOCK：超出本市場狀態可執行名額
202,PRE,188,2,2515,WATCH,54.0,100.0,WAIT,BLOCK,False,13.05,50以下,0.0,0,不可下單,波動壓縮 | 洗盤收回 | 均線收斂 | 結構尚可,PRE 佈局型：等待突破確認，小倉觀察，不主動重倉,PRE 是主升段前卡位，只能小倉。,BLOCK：超出本市場狀態可執行名額
203,PRE,189,2,2547,WATCH,54.0,100.0,WAIT,BLOCK,False,10.35,50以下,0.0,0,不可下單,波動壓縮 | 洗盤收回 | 均線收斂 | 結構尚可,PRE 佈局型：等待突破確認，小倉觀察，不主動重倉,PRE 是主升段前卡位，只能小倉。,BLOCK：超出本市場狀態可執行名額
204,PRE,190,2,2609,WATCH,54.0,100.0,WAIT,BLOCK,False,49.95,50以下,0.0,0,不可下單,波動壓縮 | 均線收斂 | 接近突破 | 結構尚可,PRE 佈局型：等待突破確認，小倉觀察，不主動重倉,PRE 是主升段前卡位，只能小倉。,BLOCK：超出本市場狀態可執行名額
205,PRE,191,2,2614,WATCH,54.0,100.0,WAIT,BLOCK,False,20.1,50以下,0.0,0,不可下單,波動壓縮 | 均線收斂 | 接近突破 | 結構尚可,PRE 佈局型：等待突破確認，小倉觀察，不主動重倉,PRE 是主升段前卡位，只能小倉。,BLOCK：超出本市場狀態可執行名額
206,PRE,192,2,2615,WATCH,54.0,100.0,WAIT,BLOCK,False,75.6,50-100,0.0,0,不可下單,波動壓縮 | 均線收斂 | 接近突破 | 結構尚可,PRE 佈局型：等待突破確認，小倉觀察，不主動重倉,PRE 是主升段前卡位，只能小倉。,BLOCK：超出本市場狀態可執行名額
207,PRE,193,2,2636,WATCH,54.0,100.0,WAIT,BLOCK,False,67.6,50-100,0.0,0,不可下單,波動壓縮 | 均線收斂 | 接近突破 | 結構尚可,PRE 佈局型：等待突破確認，小倉觀察，不主動重倉,PRE 是主升段前卡位，只能小倉。,BLOCK：超出本市場狀態可執行名額
208,PRE,194,2,2706,WATCH,54.0,100.0,WAIT,BLOCK,False,12.45,50以下,0.0,0,不可下單,安靜吸籌 | 均線收斂 | 接近突破 | 結構尚可,PRE 佈局型：等待突破確認，小倉觀察，不主動重倉,PRE 是主升段前卡位，只能小倉。,BLOCK：超出本市場狀態可執行名額
209,PRE,195,2,2727,WATCH,54.0,100.0,WAIT,BLOCK,False,229.0,100-500,0.0,0,不可下單,波動壓縮 | 均線收斂 | 接近突破 | 結構尚可,PRE 佈局型：等待突破確認，小倉觀察，不主動重倉,PRE 是主升段前卡位，只能小倉。,BLOCK：超出本市場狀態可執行名額
210,PRE,196,2,2753,WATCH,54.0,100.0,WAIT,BLOCK,False,178.5,100-500,0.0,0,不可下單,波動壓縮 | 均線收斂 | 接近突破 | 結構尚可,PRE 佈局型：等待突破確認，小倉觀察，不主動重倉,PRE 是主升段前卡位，只能小倉。,BLOCK：超出本市場狀態可執行名額
211,PRE,197,2,2755,WATCH,54.0,100.0,WAIT,BLOCK,False,138.0,100-500,0.0,0,不可下單,波動壓縮 | 均線收斂 | 接近突破 | 結構尚可,PRE 佈局型：等待突破確認，小倉觀察，不主動重倉,PRE 是主升段前卡位，只能小倉。,BLOCK：超出本市場狀態可執行名額
212,PRE,198,2,2852,WATCH,54.0,100.0,WAIT,BLOCK,False,26.0,50以下,0.0,0,不可下單,波動壓縮 | 均線收斂 | 接近突破 | 結構尚可,PRE 佈局型：等待突破確認，小倉觀察，不主動重倉,PRE 是主升段前卡位，只能小倉。,BLOCK：超出本市場狀態可執行名額
213,PRE,199,2,2908,WATCH,54.0,100.0,WAIT,BLOCK,False,20.5,50以下,0.0,0,不可下單,安靜吸籌 | 均線收斂 | 接近突破 | 結構尚可,PRE 佈局型：等待突破確認，小倉觀察，不主動重倉,PRE 是主升段前卡位，只能小倉。,BLOCK：超出本市場狀態可執行名額
214,PRE,200,2,2945,WATCH,54.0,100.0,WAIT,BLOCK,False,41.1,50以下,0.0,0,不可下單,波動壓縮 | 均線收斂 | 接近突破 | 結構尚可,PRE 佈局型：等待突破確認，小倉觀察，不主動重倉,PRE 是主升段前卡位，只能小倉。,BLOCK：超出本市場狀態可執行名額
215,PRE,201,2,3032,WATCH,54.0,100.0,WAIT,BLOCK,False,63.6,50-100,0.0,0,不可下單,波動壓縮 | 均線收斂 | 接近突破 | 結構尚可,PRE 佈局型：等待突破確認，小倉觀察，不主動重倉,PRE 是主升段前卡位，只能小倉。,BLOCK：超出本市場狀態可執行名額
216,PRE,202,2,3118,WATCH,54.0,100.0,WAIT,BLOCK,False,33.5,50以下,0.0,0,不可下單,波動壓縮 | 均線收斂 | 接近突破 | 結構尚可,PRE 佈局型：等待突破確認，小倉觀察，不主動重倉,PRE 是主升段前卡位，只能小倉。,BLOCK：超出本市場狀態可執行名額
217,PRE,203,2,3158,WATCH,54.0,100.0,WAIT,BLOCK,False,90.3,50-100,0.0,0,不可下單,波動壓縮 | 均線收斂 | 接近突破 | 結構尚可,PRE 佈局型：等待突破確認，小倉觀察，不主動重倉,PRE 是主升段前卡位，只能小倉。,BLOCK：超出本市場狀態可執行名額
218,PRE,204,2,3266,WATCH,54.0,100.0,WAIT,BLOCK,False,13.35,50以下,0.0,0,不可下單,波動壓縮 | 均線收斂 | 接近突破 | 結構尚可,PRE 佈局型：等待突破確認，小倉觀察，不主動重倉,PRE 是主升段前卡位，只能小倉。,BLOCK：超出本市場狀態可執行名額
219,PRE,205,2,3413,WATCH,54.0,100.0,WAIT,BLOCK,False,324.5,100-500,0.0,0,不可下單,波動壓縮 | 均線收斂 | 接近突破 | 結構尚可,PRE 佈局型：等待突破確認，小倉觀察，不主動重倉,PRE 是主升段前卡位，只能小倉。,BLOCK：超出本市場狀態可執行名額
220,PRE,206,2,3521,WATCH,54.0,100.0,WAIT,BLOCK,False,14.15,50以下,0.0,0,不可下單,波動壓縮 | 均線收斂 | 接近突破 | 結構尚可,PRE 佈局型：等待突破確認，小倉觀察，不主動重倉,PRE 是主升段前卡位，只能小倉。,BLOCK：超出本市場狀態可執行名額
221,PRE,207,2,3546,WATCH,54.0,100.0,WAIT,BLOCK,False,69.7,50-100,0.0,0,不可下單,波動壓縮 | 均線收斂 | 接近突破 | 結構尚可,PRE 佈局型：等待突破確認，小倉觀察，不主動重倉,PRE 是主升段前卡位，只能小倉。,BLOCK：超出本市場狀態可執行名額
222,PRE,208,2,3646,WATCH,54.0,100.0,WAIT,BLOCK,False,23.3,50以下,0.0,0,不可下單,波動壓縮 | 均線收斂 | 接近突破 | 結構尚可,PRE 佈局型：等待突破確認，小倉觀察，不主動重倉,PRE 是主升段前卡位，只能小倉。,BLOCK：超出本市場狀態可執行名額
223,PRE,209,2,3705,WATCH,54.0,100.0,WAIT,BLOCK,False,55.1,50-100,0.0,0,不可下單,安靜吸籌 | 均線收斂 | 接近突破 | 結構尚可,PRE 佈局型：等待突破確認，小倉觀察，不主動重倉,PRE 是主升段前卡位，只能小倉。,BLOCK：超出本市場狀態可執行名額
224,PRE,210,2,4111,WATCH,54.0,100.0,WAIT,BLOCK,False,29.4,50以下,0.0,0,不可下單,波動壓縮 | 均線收斂 | 接近突破 | 結構尚可,PRE 佈局型：等待突破確認，小倉觀察，不主動重倉,PRE 是主升段前卡位，只能小倉。,BLOCK：超出本市場狀態可執行名額
225,PRE,211,2,4175,WATCH,54.0,100.0,WAIT,BLOCK,False,54.1,50-100,0.0,0,不可下單,波動壓縮 | 均線收斂 | 接近突破 | 結構尚可,PRE 佈局型：等待突破確認，小倉觀察，不主動重倉,PRE 是主升段前卡位，只能小倉。,BLOCK：超出本市場狀態可執行名額
226,PRE,212,2,4440,WATCH,54.0,100.0,WAIT,BLOCK,False,17.7,50以下,0.0,0,不可下單,波動壓縮 | 均線收斂 | 接近突破 | 結構尚可,PRE 佈局型：等待突破確認，小倉觀察，不主動重倉,PRE 是主升段前卡位，只能小倉。,BLOCK：超出本市場狀態可執行名額
227,PRE,213,2,4523,WATCH,54.0,100.0,WAIT,BLOCK,False,30.5,50以下,0.0,0,不可下單,波動壓縮 | 均線收斂 | 接近突破 | 結構尚可,PRE 佈局型：等待突破確認，小倉觀察，不主動重倉,PRE 是主升段前卡位，只能小倉。,BLOCK：超出本市場狀態可執行名額
228,PRE,214,2,4702,WATCH,54.0,100.0,WAIT,BLOCK,False,9.69,50以下,0.0,0,不可下單,波動壓縮 | 均線收斂 | 接近突破 | 結構尚可,PRE 佈局型：等待突破確認，小倉觀察，不主動重倉,PRE 是主升段前卡位，只能小倉。,BLOCK：超出本市場狀態可執行名額
229,PRE,215,2,4746,WATCH,54.0,100.0,WAIT,BLOCK,False,54.8,50-100,0.0,0,不可下單,波動壓縮 | 均線收斂 | 接近突破 | 結構尚可,PRE 佈局型：等待突破確認，小倉觀察，不主動重倉,PRE 是主升段前卡位，只能小倉。,BLOCK：超出本市場狀態可執行名額
230,PRE,216,2,4915,WATCH,54.0,100.0,WAIT,BLOCK,False,74.2,50-100,0.0,0,不可下單,波動壓縮 | 均線收斂 | 接近突破 | 結構尚可,PRE 佈局型：等待突破確認，小倉觀察，不主動重倉,PRE 是主升段前卡位，只能小倉。,BLOCK：超出本市場狀態可執行名額
231,PRE,217,2,4938,WATCH,54.0,100.0,WAIT,BLOCK,False,81.3,50-100,0.0,0,不可下單,波動壓縮 | 均線收斂 | 接近突破 | 結構尚可,PRE 佈局型：等待突破確認，小倉觀察，不主動重倉,PRE 是主升段前卡位，只能小倉。,BLOCK：超出本市場狀態可執行名額
232,PRE,218,2,4974,WATCH,54.0,100.0,WAIT,BLOCK,False,71.9,50-100,0.0,0,不可下單,波動壓縮 | 均線收斂 | 接近突破 | 結構尚可,PRE 佈局型：等待突破確認，小倉觀察，不主動重倉,PRE 是主升段前卡位，只能小倉。,BLOCK：超出本市場狀態可執行名額
233,PRE,219,2,5215,WATCH,54.0,100.0,WAIT,BLOCK,False,37.4,50以下,0.0,0,不可下單,波動壓縮 | 均線收斂 | 接近突破 | 結構尚可,PRE 佈局型：等待突破確認，小倉觀察，不主動重倉,PRE 是主升段前卡位，只能小倉。,BLOCK：超出本市場狀態可執行名額
234,PRE,220,2,5312,WATCH,54.0,100.0,WAIT,BLOCK,False,97.3,50-100,0.0,0,不可下單,波動壓縮 | 均線收斂 | 接近突破 | 結構尚可,PRE 佈局型：等待突破確認，小倉觀察，不主動重倉,PRE 是主升段前卡位，只能小倉。,BLOCK：超出本市場狀態可執行名額
235,PRE,221,2,5478,WATCH,54.0,100.0,WAIT,BLOCK,False,96.6,50-100,0.0,0,不可下單,波動壓縮 | 均線收斂 | 接近突破 | 結構尚可,PRE 佈局型：等待突破確認，小倉觀察，不主動重倉,PRE 是主升段前卡位，只能小倉。,BLOCK：超出本市場狀態可執行名額
236,PRE,222,2,5490,WATCH,54.0,100.0,WAIT,BLOCK,False,27.45,50以下,0.0,0,不可下單,安靜吸籌 | 均線收斂 | 接近突破 | 結構尚可,PRE 佈局型：等待突破確認，小倉觀察，不主動重倉,PRE 是主升段前卡位，只能小倉。,BLOCK：超出本市場狀態可執行名額
237,PRE,223,2,5603,WATCH,54.0,100.0,WAIT,BLOCK,False,16.4,50以下,0.0,0,不可下單,波動壓縮 | 均線收斂 | 接近突破 | 結構尚可,PRE 佈局型：等待突破確認，小倉觀察，不主動重倉,PRE 是主升段前卡位，只能小倉。,BLOCK：超出本市場狀態可執行名額
238,PRE,224,2,5878,WATCH,54.0,100.0,WAIT,BLOCK,False,40.75,50以下,0.0,0,不可下單,波動壓縮 | 均線收斂 | 接近突破 | 結構尚可,PRE 佈局型：等待突破確認，小倉觀察，不主動重倉,PRE 是主升段前卡位，只能小倉。,BLOCK：超出本市場狀態可執行名額
239,PRE,225,2,5880,WATCH,54.0,100.0,WAIT,BLOCK,False,22.9,50以下,0.0,0,不可下單,波動壓縮 | 均線收斂 | 接近突破 | 結構尚可,PRE 佈局型：等待突破確認，小倉觀察，不主動重倉,PRE 是主升段前卡位，只能小倉。,BLOCK：超出本市場狀態可執行名額
240,PRE,226,2,6128,WATCH,54.0,100.0,WAIT,BLOCK,False,20.7,50以下,0.0,0,不可下單,波動壓縮 | 均線收斂 | 接近突破 | 結構尚可,PRE 佈局型：等待突破確認，小倉觀察，不主動重倉,PRE 是主升段前卡位，只能小倉。,BLOCK：超出本市場狀態可執行名額
241,PRE,227,2,6156,WATCH,54.0,100.0,WAIT,BLOCK,False,20.6,50以下,0.0,0,不可下單,波動壓縮 | 均線收斂 | 接近突破 | 結構尚可,PRE 佈局型：等待突破確認，小倉觀察，不主動重倉,PRE 是主升段前卡位，只能小倉。,BLOCK：超出本市場狀態可執行名額
242,PRE,228,2,6161,WATCH,54.0,100.0,WAIT,BLOCK,False,41.65,50以下,0.0,0,不可下單,波動壓縮 | 均線收斂 | 接近突破 | 結構尚可,PRE 佈局型：等待突破確認，小倉觀察，不主動重倉,PRE 是主升段前卡位，只能小倉。,BLOCK：超出本市場狀態可執行名額
243,PRE,229,2,6183,WATCH,54.0,100.0,WAIT,BLOCK,False,92.0,50-100,0.0,0,不可下單,安靜吸籌 | 均線收斂 | 接近突破 | 結構尚可,PRE 佈局型：等待突破確認，小倉觀察，不主動重倉,PRE 是主升段前卡位，只能小倉。,BLOCK：超出本市場狀態可執行名額
244,PRE,230,2,6194,WATCH,54.0,100.0,WAIT,BLOCK,False,32.65,50以下,0.0,0,不可下單,波動壓縮 | 均線收斂 | 接近突破 | 結構尚可,PRE 佈局型：等待突破確認，小倉觀察，不主動重倉,PRE 是主升段前卡位，只能小倉。,BLOCK：超出本市場狀態可執行名額
245,PRE,231,2,6248,WATCH,54.0,100.0,WAIT,BLOCK,False,19.5,50以下,0.0,0,不可下單,波動壓縮 | 均線收斂 | 接近突破 | 結構尚可,PRE 佈局型：等待突破確認，小倉觀察，不主動重倉,PRE 是主升段前卡位，只能小倉。,BLOCK：超出本市場狀態可執行名額
246,PRE,232,2,6266,WATCH,54.0,100.0,WAIT,BLOCK,False,27.7,50以下,0.0,0,不可下單,安靜吸籌 | 均線收斂 | 接近突破 | 結構尚可,PRE 佈局型：等待突破確認，小倉觀察，不主動重倉,PRE 是主升段前卡位，只能小倉。,BLOCK：超出本市場狀態可執行名額
247,PRE,233,2,6446,WATCH,54.0,100.0,WAIT,BLOCK,False,645.0,500-1000,0.0,0,不可下單,波動壓縮 | 均線收斂 | 接近突破 | 結構尚可,PRE 佈局型：等待突破確認，小倉觀察，不主動重倉,PRE 是主升段前卡位，只能小倉。,BLOCK：超出本市場狀態可執行名額
248,PRE,234,2,6464,WATCH,54.0,100.0,WAIT,BLOCK,False,76.2,50-100,0.0,0,不可下單,波動壓縮 | 均線收斂 | 接近突破 | 結構尚可,PRE 佈局型：等待突破確認，小倉觀察，不主動重倉,PRE 是主升段前卡位，只能小倉。,BLOCK：超出本市場狀態可執行名額
249,PRE,235,2,6556,WATCH,54.0,100.0,WAIT,BLOCK,False,70.0,50-100,0.0,0,不可下單,安靜吸籌 | 均線收斂 | 接近突破 | 結構尚可,PRE 佈局型：等待突破確認，小倉觀察，不主動重倉,PRE 是主升段前卡位，只能小倉。,BLOCK：超出本市場狀態可執行名額
250,PRE,236,2,6570,WATCH,54.0,100.0,WAIT,BLOCK,False,39.35,50以下,0.0,0,不可下單,波動壓縮 | 均線收斂 | 接近突破 | 結構尚可,PRE 佈局型：等待突破確認，小倉觀察，不主動重倉,PRE 是主升段前卡位，只能小倉。,BLOCK：超出本市場狀態可執行名額
251,PRE,237,2,6577,WATCH,54.0,100.0,WAIT,BLOCK,False,79.8,50-100,0.0,0,不可下單,波動壓縮 | 均線收斂 | 接近突破 | 結構尚可,PRE 佈局型：等待突破確認，小倉觀察，不主動重倉,PRE 是主升段前卡位，只能小倉。,BLOCK：超出本市場狀態可執行名額
252,PRE,238,2,6581,WATCH,54.0,100.0,WAIT,BLOCK,False,107.5,100-500,0.0,0,不可下單,波動壓縮 | 均線收斂 | 接近突破 | 結構尚可,PRE 佈局型：等待突破確認，小倉觀察，不主動重倉,PRE 是主升段前卡位，只能小倉。,BLOCK：超出本市場狀態可執行名額
253,PRE,239,2,6592,WATCH,54.0,100.0,WAIT,BLOCK,False,61.6,50-100,0.0,0,不可下單,波動壓縮 | 均線收斂 | 接近突破 | 結構尚可,PRE 佈局型：等待突破確認，小倉觀察，不主動重倉,PRE 是主升段前卡位，只能小倉。,BLOCK：超出本市場狀態可執行名額
254,PRE,240,2,6598,WATCH,54.0,100.0,WAIT,BLOCK,False,22.55,50以下,0.0,0,不可下單,波動壓縮 | 均線收斂 | 接近突破 | 結構尚可,PRE 佈局型：等待突破確認，小倉觀察，不主動重倉,PRE 是主升段前卡位，只能小倉。,BLOCK：超出本市場狀態可執行名額
255,PRE,241,2,6637,WATCH,54.0,100.0,WAIT,BLOCK,False,72.1,50-100,0.0,0,不可下單,波動壓縮 | 均線收斂 | 接近突破 | 結構尚可,PRE 佈局型：等待突破確認，小倉觀察，不主動重倉,PRE 是主升段前卡位，只能小倉。,BLOCK：超出本市場狀態可執行名額
256,PRE,242,2,6654,WATCH,54.0,100.0,WAIT,BLOCK,False,91.3,50-100,0.0,0,不可下單,波動壓縮 | 均線收斂 | 接近突破 | 結構尚可,PRE 佈局型：等待突破確認，小倉觀察，不主動重倉,PRE 是主升段前卡位，只能小倉。,BLOCK：超出本市場狀態可執行名額
257,PRE,243,2,6661,WATCH,54.0,100.0,WAIT,BLOCK,False,18.15,50以下,0.0,0,不可下單,波動壓縮 | 均線收斂 | 接近突破 | 結構尚可,PRE 佈局型：等待突破確認，小倉觀察，不主動重倉,PRE 是主升段前卡位，只能小倉。,BLOCK：超出本市場狀態可執行名額
258,PRE,244,2,6670,WATCH,54.0,100.0,WAIT,BLOCK,False,256.0,100-500,0.0,0,不可下單,波動壓縮 | 均線收斂 | 接近突破 | 結構尚可,PRE 佈局型：等待突破確認，小倉觀察，不主動重倉,PRE 是主升段前卡位，只能小倉。,BLOCK：超出本市場狀態可執行名額
259,PRE,245,2,6754,WATCH,54.0,100.0,WAIT,BLOCK,False,45.7,50以下,0.0,0,不可下單,波動壓縮 | 均線收斂 | 接近突破 | 結構尚可,PRE 佈局型：等待突破確認，小倉觀察，不主動重倉,PRE 是主升段前卡位，只能小倉。,BLOCK：超出本市場狀態可執行名額
260,PRE,246,2,6771,WATCH,54.0,100.0,WAIT,BLOCK,False,44.3,50以下,0.0,0,不可下單,波動壓縮 | 均線收斂 | 接近突破 | 結構尚可,PRE 佈局型：等待突破確認，小倉觀察，不主動重倉,PRE 是主升段前卡位，只能小倉。,BLOCK：超出本市場狀態可執行名額
261,PRE,247,2,6776,WATCH,54.0,100.0,WAIT,BLOCK,False,57.1,50-100,0.0,0,不可下單,波動壓縮 | 洗盤收回 | 均線收斂 | 結構尚可,PRE 佈局型：等待突破確認，小倉觀察，不主動重倉,PRE 是主升段前卡位，只能小倉。,BLOCK：超出本市場狀態可執行名額
262,PRE,248,2,6846,WATCH,54.0,100.0,WAIT,BLOCK,False,69.5,50-100,0.0,0,不可下單,波動壓縮 | 均線收斂 | 接近突破 | 結構尚可,PRE 佈局型：等待突破確認，小倉觀察，不主動重倉,PRE 是主升段前卡位，只能小倉。,BLOCK：超出本市場狀態可執行名額
263,PRE,249,2,6914,WATCH,54.0,100.0,WAIT,BLOCK,False,146.0,100-500,0.0,0,不可下單,波動壓縮 | 均線收斂 | 接近突破 | 結構尚可,PRE 佈局型：等待突破確認，小倉觀察，不主動重倉,PRE 是主升段前卡位，只能小倉。,BLOCK：超出本市場狀態可執行名額
264,PRE,250,2,6936,WATCH,54.0,100.0,WAIT,BLOCK,False,34.35,50以下,0.0,0,不可下單,波動壓縮 | 均線收斂 | 接近突破 | 結構尚可,PRE 佈局型：等待突破確認，小倉觀察，不主動重倉,PRE 是主升段前卡位，只能小倉。,BLOCK：超出本市場狀態可執行名額
265,PRE,251,2,6971,WATCH,54.0,100.0,WAIT,BLOCK,False,28.95,50以下,0.0,0,不可下單,安靜吸籌 | 均線收斂 | 接近突破 | 結構尚可,PRE 佈局型：等待突破確認，小倉觀察，不主動重倉,PRE 是主升段前卡位，只能小倉。,BLOCK：超出本市場狀態可執行名額
266,PRE,252,2,7713,WATCH,54.0,100.0,WAIT,BLOCK,False,67.5,50-100,0.0,0,不可下單,波動壓縮 | 均線收斂 | 接近突破 | 結構尚可,PRE 佈局型：等待突破確認，小倉觀察，不主動重倉,PRE 是主升段前卡位，只能小倉。,BLOCK：超出本市場狀態可執行名額
267,PRE,253,2,7757,WATCH,54.0,100.0,WAIT,BLOCK,False,105.5,100-500,0.0,0,不可下單,安靜吸籌 | 均線收斂 | 接近突破 | 結構尚可,PRE 佈局型：等待突破確認，小倉觀察，不主動重倉,PRE 是主升段前卡位，只能小倉。,BLOCK：超出本市場狀態可執行名額
268,PRE,254,2,8083,WATCH,54.0,100.0,WAIT,BLOCK,False,177.0,100-500,0.0,0,不可下單,波動壓縮 | 均線收斂 | 接近突破 | 結構尚可,PRE 佈局型：等待突破確認，小倉觀察，不主動重倉,PRE 是主升段前卡位，只能小倉。,BLOCK：超出本市場狀態可執行名額
269,PRE,255,2,8341,WATCH,54.0,100.0,WAIT,BLOCK,False,74.3,50-100,0.0,0,不可下單,波動壓縮 | 均線收斂 | 接近突破 | 結構尚可,PRE 佈局型：等待突破確認，小倉觀察，不主動重倉,PRE 是主升段前卡位，只能小倉。,BLOCK：超出本市場狀態可執行名額
270,PRE,256,2,8367,WATCH,54.0,100.0,WAIT,BLOCK,False,42.7,50以下,0.0,0,不可下單,波動壓縮 | 均線收斂 | 接近突破 | 結構尚可,PRE 佈局型：等待突破確認，小倉觀察，不主動重倉,PRE 是主升段前卡位，只能小倉。,BLOCK：超出本市場狀態可執行名額
271,PRE,257,2,8403,WATCH,54.0,100.0,WAIT,BLOCK,False,21.5,50以下,0.0,0,不可下單,安靜吸籌 | 均線收斂 | 接近突破 | 結構尚可,PRE 佈局型：等待突破確認，小倉觀察，不主動重倉,PRE 是主升段前卡位，只能小倉。,BLOCK：超出本市場狀態可執行名額
272,PRE,258,2,8411,WATCH,54.0,100.0,WAIT,BLOCK,False,12.3,50以下,0.0,0,不可下單,波動壓縮 | 均線收斂 | 接近突破 | 結構尚可,PRE 佈局型：等待突破確認，小倉觀察，不主動重倉,PRE 是主升段前卡位，只能小倉。,BLOCK：超出本市場狀態可執行名額
273,PRE,259,2,8415,WATCH,54.0,100.0,WAIT,BLOCK,False,34.0,50以下,0.0,0,不可下單,安靜吸籌 | 均線收斂 | 接近突破 | 結構尚可,PRE 佈局型：等待突破確認，小倉觀察，不主動重倉,PRE 是主升段前卡位，只能小倉。,BLOCK：超出本市場狀態可執行名額
274,PRE,260,2,8421,WATCH,54.0,100.0,WAIT,BLOCK,False,13.6,50以下,0.0,0,不可下單,波動壓縮 | 均線收斂 | 接近突破 | 結構尚可,PRE 佈局型：等待突破確認，小倉觀察，不主動重倉,PRE 是主升段前卡位，只能小倉。,BLOCK：超出本市場狀態可執行名額
275,PRE,261,2,8443,WATCH,54.0,100.0,WAIT,BLOCK,False,11.8,50以下,0.0,0,不可下單,波動壓縮 | 均線收斂 | 接近突破 | 結構尚可,PRE 佈局型：等待突破確認，小倉觀察，不主動重倉,PRE 是主升段前卡位，只能小倉。,BLOCK：超出本市場狀態可執行名額
276,PRE,262,2,8916,WATCH,54.0,100.0,WAIT,BLOCK,False,47.1,50以下,0.0,0,不可下單,安靜吸籌 | 均線收斂 | 接近突破 | 結構尚可,PRE 佈局型：等待突破確認，小倉觀察，不主動重倉,PRE 是主升段前卡位，只能小倉。,BLOCK：超出本市場狀態可執行名額
277,PRE,263,2,8924,WATCH,54.0,100.0,WAIT,BLOCK,False,68.9,50-100,0.0,0,不可下單,波動壓縮 | 均線收斂 | 接近突破 | 結構尚可,PRE 佈局型：等待突破確認，小倉觀察，不主動重倉,PRE 是主升段前卡位，只能小倉。,BLOCK：超出本市場狀態可執行名額
278,PRE,264,2,9911,WATCH,54.0,100.0,WAIT,BLOCK,False,82.6,50-100,0.0,0,不可下單,波動壓縮 | 均線收斂 | 接近突破 | 結構尚可,PRE 佈局型：等待突破確認，小倉觀察，不主動重倉,PRE 是主升段前卡位，只能小倉。,BLOCK：超出本市場狀態可執行名額
279,PRE,265,2,9926,WATCH,54.0,100.0,WAIT,BLOCK,False,49.35,50以下,0.0,0,不可下單,波動壓縮 | 均線收斂 | 接近突破 | 結構尚可,PRE 佈局型：等待突破確認，小倉觀察，不主動重倉,PRE 是主升段前卡位，只能小倉。,BLOCK：超出本市場狀態可執行名額
280,PRE,266,2,9937,WATCH,54.0,100.0,WAIT,BLOCK,False,56.2,50-100,0.0,0,不可下單,波動壓縮 | 均線收斂 | 接近突破 | 結構尚可,PRE 佈局型：等待突破確認，小倉觀察，不主動重倉,PRE 是主升段前卡位，只能小倉。,BLOCK：超出本市場狀態可執行名額
281,PRE,267,2,9942,WATCH,54.0,100.0,WAIT,BLOCK,False,117.5,100-500,0.0,0,不可下單,波動壓縮 | 均線收斂 | 接近突破 | 結構尚可,PRE 佈局型：等待突破確認，小倉觀察，不主動重倉,PRE 是主升段前卡位，只能小倉。,BLOCK：超出本市場狀態可執行名額
282,PRE,268,2,1256,TEST,68.0,55.0,WAIT,BLOCK,False,166.5,100-500,0.0,0,不可下單,波動壓縮 | 均線收斂 | 放量吸收 | 接近突破 | 結構尚可,PRE 條件未完整，僅保留觀察,PRE 是主升段前卡位，只能小倉。,BLOCK：超出本市場狀態可執行名額
283,PRE,269,2,1418,TEST,68.0,55.0,WAIT,BLOCK,False,19.35,50以下,0.0,0,不可下單,安靜吸籌 | 均線收斂 | 放量吸收 | 接近突破 | 結構尚可,PRE 條件未完整，僅保留觀察,PRE 是主升段前卡位，只能小倉。,BLOCK：超出本市場狀態可執行名額
284,PRE,270,2,1533,TEST,68.0,55.0,WAIT,BLOCK,False,32.85,50以下,0.0,0,不可下單,安靜吸籌 | 均線收斂 | 放量吸收 | 接近突破 | 結構尚可,PRE 條件未完整，僅保留觀察,PRE 是主升段前卡位，只能小倉。,BLOCK：超出本市場狀態可執行名額
285,PRE,271,2,2480,TEST,68.0,55.0,WAIT,BLOCK,False,146.5,100-500,0.0,0,不可下單,安靜吸籌 | 均線收斂 | 放量吸收 | 接近突破 | 結構尚可,PRE 條件未完整，僅保留觀察,PRE 是主升段前卡位，只能小倉。,BLOCK：超出本市場狀態可執行名額
286,PRE,272,2,2911,TEST,68.0,55.0,WAIT,BLOCK,False,5.1,50以下,0.0,0,不可下單,安靜吸籌 | 洗盤收回 | 均線收斂 | 放量吸收 | 結構尚可,PRE 條件未完整，僅保留觀察,PRE 是主升段前卡位，只能小倉。,BLOCK：超出本市場狀態可執行名額
287,PRE,273,2,3303,TEST,68.0,55.0,WAIT,BLOCK,False,49.8,50以下,0.0,0,不可下單,安靜吸籌 | 均線收斂 | 放量吸收 | 接近突破 | 結構尚可,PRE 條件未完整，僅保留觀察,PRE 是主升段前卡位，只能小倉。,BLOCK：超出本市場狀態可執行名額
288,PRE,274,2,4995,TEST,68.0,55.0,WAIT,BLOCK,False,44.3,50以下,0.0,0,不可下單,安靜吸籌 | 均線收斂 | 放量吸收 | 接近突破 | 結構尚可,PRE 條件未完整，僅保留觀察,PRE 是主升段前卡位，只能小倉。,BLOCK：超出本市場狀態可執行名額
289,PRE,275,2,6189,TEST,68.0,55.0,WAIT,BLOCK,False,49.25,50以下,0.0,0,不可下單,波動壓縮 | 均線收斂 | 放量吸收 | 接近突破 | 結構尚可,PRE 條件未完整，僅保留觀察,PRE 是主升段前卡位，只能小倉。,BLOCK：超出本市場狀態可執行名額
290,PRE,276,2,6416,TEST,68.0,55.0,WAIT,BLOCK,False,83.5,50-100,0.0,0,不可下單,波動壓縮 | 均線收斂 | 放量吸收 | 接近突破 | 結構尚可,PRE 條件未完整，僅保留觀察,PRE 是主升段前卡位，只能小倉。,BLOCK：超出本市場狀態可執行名額
291,PRE,277,2,6811,TEST,68.0,55.0,WAIT,BLOCK,False,202.0,100-500,0.0,0,不可下單,安靜吸籌 | 均線收斂 | 放量吸收 | 接近突破 | 結構尚可,PRE 條件未完整，僅保留觀察,PRE 是主升段前卡位，只能小倉。,BLOCK：超出本市場狀態可執行名額
292,PRE,278,2,6212,WATCH,62.0,70.0,WAIT,BLOCK,False,29.15,50以下,0.0,0,不可下單,安靜吸籌 | 均線收斂 | 放量吸收 | 接近突破,PRE 佈局型：等待突破確認，小倉觀察，不主動重倉,PRE 是主升段前卡位，只能小倉。,BLOCK：超出本市場狀態可執行名額
293,PRE,279,2,6469,WATCH,52.0,100.0,WAIT,BLOCK,False,76.7,50-100,0.0,0,不可下單,波動壓縮 | 安靜吸籌 | 均線收斂,PRE 佈局型：等待突破確認，小倉觀察，不主動重倉,PRE 是主升段前卡位，只能小倉。,BLOCK：超出本市場狀態可執行名額
294,PRE,280,2,3332,WATCH,54.0,90.0,WAIT,BLOCK,False,64.0,50-100,0.0,0,不可下單,波動壓縮 | 均線收斂 | 接近突破 | 結構尚可,PRE 佈局型：等待突破確認，小倉觀察，不主動重倉,PRE 是主升段前卡位，只能小倉。,BLOCK：超出本市場狀態可執行名額
295,PRE,281,2,3416,WATCH,54.0,90.0,WAIT,BLOCK,False,160.5,100-500,0.0,0,不可下單,安靜吸籌 | 均線收斂 | 接近突破 | 結構尚可,PRE 佈局型：等待突破確認，小倉觀察，不主動重倉,PRE 是主升段前卡位，只能小倉。,BLOCK：超出本市場狀態可執行名額
296,PRE,282,2,3666,WATCH,54.0,90.0,WAIT,BLOCK,False,26.6,50以下,0.0,0,不可下單,安靜吸籌 | 均線收斂 | 接近突破 | 結構尚可,PRE 佈局型：等待突破確認，小倉觀察，不主動重倉,PRE 是主升段前卡位，只能小倉。,BLOCK：超出本市場狀態可執行名額
297,PRE,283,2,4588,WATCH,62.0,65.0,WAIT,BLOCK,False,60.3,50-100,0.0,0,不可下單,安靜吸籌 | 均線收斂 | 放量吸收 | 接近突破,PRE 條件未完整，僅保留觀察,PRE 是主升段前卡位，只能小倉。,BLOCK：超出本市場狀態可執行名額
298,PRE,284,2,1220,WATCH,50.0,100.0,WAIT,BLOCK,False,12.4,50以下,0.0,0,不可下單,洗盤收回 | 均線收斂 | 接近突破 | 結構尚可,PRE 佈局型：等待突破確認，小倉觀察，不主動重倉,PRE 是主升段前卡位，只能小倉。,BLOCK：超出本市場狀態可執行名額
299,PRE,285,2,4904,WATCH,50.0,100.0,WAIT,BLOCK,False,94.3,50-100,0.0,0,不可下單,洗盤收回 | 均線收斂 | 接近突破 | 結構尚可,PRE 佈局型：等待突破確認，小倉觀察，不主動重倉,PRE 是主升段前卡位，只能小倉。,BLOCK：超出本市場狀態可執行名額
300,PRE,286,2,5538,WATCH,50.0,100.0,WAIT,BLOCK,False,31.35,50以下,0.0,0,不可下單,洗盤收回 | 均線收斂 | 接近突破 | 結構尚可,PRE 佈局型：等待突破確認，小倉觀察，不主動重倉,PRE 是主升段前卡位，只能小倉。,BLOCK：超出本市場狀態可執行名額
301,PRE,287,2,4526,TEST,68.0,45.0,WAIT,BLOCK,False,37.5,50以下,0.0,0,不可下單,安靜吸籌 | 均線收斂 | 放量吸收 | 接近突破 | 結構尚可,PRE 條件未完整，僅保留觀察,PRE 是主升段前卡位，只能小倉。,BLOCK：超出本市場狀態可執行名額
302,PRE,288,2,4923,TEST,68.0,45.0,WAIT,BLOCK,False,36.6,50以下,0.0,0,不可下單,安靜吸籌 | 均線收斂 | 放量吸收 | 接近突破 | 結構尚可,PRE 條件未完整，僅保留觀察,PRE 是主升段前卡位，只能小倉。,BLOCK：超出本市場狀態可執行名額
303,PRE,289,2,6124,WATCH,58.0,75.0,WAIT,BLOCK,False,30.75,50以下,0.0,0,不可下單,波動壓縮 | 安靜吸籌 | 均線收斂 | 結構尚可,PRE 佈局型：等待突破確認，小倉觀察，不主動重倉,PRE 是主升段前卡位，只能小倉。,BLOCK：超出本市場狀態可執行名額
304,PRE,290,2,3046,WATCH,54.0,85.0,WAIT,BLOCK,False,48.75,50以下,0.0,0,不可下單,波動壓縮 | 均線收斂 | 接近突破 | 結構尚可,PRE 佈局型：等待突破確認，小倉觀察，不主動重倉,PRE 是主升段前卡位，只能小倉。,BLOCK：超出本市場狀態可執行名額
305,PRE,291,2,4554,WATCH,54.0,85.0,WAIT,BLOCK,False,30.15,50以下,0.0,0,不可下單,波動壓縮 | 均線收斂 | 接近突破 | 結構尚可,PRE 佈局型：等待突破確認，小倉觀察，不主動重倉,PRE 是主升段前卡位，只能小倉。,BLOCK：超出本市場狀態可執行名額
306,PRE,292,2,6961,WATCH,54.0,85.0,WAIT,BLOCK,False,58.3,50-100,0.0,0,不可下單,波動壓縮 | 均線收斂 | 接近突破 | 結構尚可,PRE 佈局型：等待突破確認，小倉觀察，不主動重倉,PRE 是主升段前卡位，只能小倉。,BLOCK：超出本市場狀態可執行名額
307,PRE,293,2,8462,WATCH,54.0,85.0,WAIT,BLOCK,False,147.5,100-500,0.0,0,不可下單,波動壓縮 | 均線收斂 | 接近突破 | 結構尚可,PRE 佈局型：等待突破確認，小倉觀察，不主動重倉,PRE 是主升段前卡位，只能小倉。,BLOCK：超出本市場狀態可執行名額
308,PRE,294,2,2106,WATCH,52.0,90.0,WAIT,BLOCK,False,17.1,50以下,0.0,0,不可下單,波動壓縮 | 安靜吸籌 | 均線收斂,PRE 佈局型：等待突破確認，小倉觀察，不主動重倉,PRE 是主升段前卡位，只能小倉。,BLOCK：超出本市場狀態可執行名額
309,PRE,295,2,6235,WATCH,52.0,90.0,WAIT,BLOCK,False,42.5,50以下,0.0,0,不可下單,波動壓縮 | 安靜吸籌 | 均線收斂,PRE 佈局型：等待突破確認，小倉觀察，不主動重倉,PRE 是主升段前卡位，只能小倉。,BLOCK：超出本市場狀態可執行名額
310,PRE,296,2,9945,WATCH,52.0,90.0,WAIT,BLOCK,False,23.3,50以下,0.0,0,不可下單,波動壓縮 | 安靜吸籌 | 均線收斂,PRE 佈局型：等待突破確認，小倉觀察，不主動重倉,PRE 是主升段前卡位，只能小倉。,BLOCK：超出本市場狀態可執行名額
311,PRE,297,2,1108,WATCH,54.0,80.0,WAIT,BLOCK,False,14.55,50以下,0.0,0,不可下單,波動壓縮 | 均線收斂 | 接近突破 | 結構尚可,PRE 佈局型：等待突破確認，小倉觀察，不主動重倉,PRE 是主升段前卡位，只能小倉。,BLOCK：超出本市場狀態可執行名額
312,PRE,298,2,1109,WATCH,54.0,80.0,WAIT,BLOCK,False,15.45,50以下,0.0,0,不可下單,波動壓縮 | 均線收斂 | 接近突破 | 結構尚可,PRE 佈局型：等待突破確認，小倉觀察，不主動重倉,PRE 是主升段前卡位，只能小倉。,BLOCK：超出本市場狀態可執行名額
313,PRE,299,2,1215,WATCH,54.0,80.0,WAIT,BLOCK,False,140.0,100-500,0.0,0,不可下單,波動壓縮 | 均線收斂 | 接近突破 | 結構尚可,PRE 佈局型：等待突破確認，小倉觀察，不主動重倉,PRE 是主升段前卡位，只能小倉。,BLOCK：超出本市場狀態可執行名額
314,PRE,300,2,1240,WATCH,54.0,80.0,WAIT,BLOCK,False,59.2,50-100,0.0,0,不可下單,波動壓縮 | 均線收斂 | 接近突破 | 結構尚可,PRE 佈局型：等待突破確認，小倉觀察，不主動重倉,PRE 是主升段前卡位，只能小倉。,BLOCK：超出本市場狀態可執行名額
315,PRE,301,2,1339,WATCH,54.0,80.0,WAIT,BLOCK,False,40.25,50以下,0.0,0,不可下單,安靜吸籌 | 均線收斂 | 放量吸收 | 結構尚可,PRE 佈局型：等待突破確認，小倉觀察，不主動重倉,PRE 是主升段前卡位，只能小倉。,BLOCK：超出本市場狀態可執行名額
316,PRE,302,2,1432,WATCH,54.0,80.0,WAIT,BLOCK,False,16.7,50以下,0.0,0,不可下單,波動壓縮 | 均線收斂 | 接近突破 | 結構尚可,PRE 佈局型：等待突破確認，小倉觀察，不主動重倉,PRE 是主升段前卡位，只能小倉。,BLOCK：超出本市場狀態可執行名額
317,PRE,303,2,1525,WATCH,54.0,80.0,WAIT,BLOCK,False,62.8,50-100,0.0,0,不可下單,波動壓縮 | 均線收斂 | 接近突破 | 結構尚可,PRE 佈局型：等待突破確認，小倉觀察，不主動重倉,PRE 是主升段前卡位，只能小倉。,BLOCK：超出本市場狀態可執行名額
318,PRE,304,2,1530,WATCH,54.0,80.0,WAIT,BLOCK,False,26.05,50以下,0.0,0,不可下單,安靜吸籌 | 均線收斂 | 放量吸收 | 結構尚可,PRE 佈局型：等待突破確認，小倉觀察，不主動重倉,PRE 是主升段前卡位，只能小倉。,BLOCK：超出本市場狀態可執行名額
319,PRE,305,2,1580,WATCH,54.0,80.0,WAIT,BLOCK,False,122.5,100-500,0.0,0,不可下單,波動壓縮 | 均線收斂 | 接近突破 | 結構尚可,PRE 佈局型：等待突破確認，小倉觀察，不主動重倉,PRE 是主升段前卡位，只能小倉。,BLOCK：超出本市場狀態可執行名額
320,PRE,306,2,1617,WATCH,54.0,80.0,WAIT,BLOCK,False,15.15,50以下,0.0,0,不可下單,安靜吸籌 | 均線收斂 | 放量吸收 | 結構尚可,PRE 佈局型：等待突破確認，小倉觀察，不主動重倉,PRE 是主升段前卡位，只能小倉。,BLOCK：超出本市場狀態可執行名額
321,PRE,307,2,1702,WATCH,54.0,80.0,WAIT,BLOCK,False,35.05,50以下,0.0,0,不可下單,安靜吸籌 | 均線收斂 | 放量吸收 | 結構尚可,PRE 佈局型：等待突破確認，小倉觀察，不主動重倉,PRE 是主升段前卡位，只能小倉。,BLOCK：超出本市場狀態可執行名額
322,PRE,308,2,1704,WATCH,54.0,80.0,WAIT,BLOCK,False,53.1,50-100,0.0,0,不可下單,波動壓縮 | 均線收斂 | 接近突破 | 結構尚可,PRE 佈局型：等待突破確認，小倉觀察，不主動重倉,PRE 是主升段前卡位，只能小倉。,BLOCK：超出本市場狀態可執行名額
323,PRE,309,2,1713,WATCH,54.0,80.0,WAIT,BLOCK,False,46.85,50以下,0.0,0,不可下單,波動壓縮 | 均線收斂 | 接近突破 | 結構尚可,PRE 佈局型：等待突破確認，小倉觀察，不主動重倉,PRE 是主升段前卡位，只能小倉。,BLOCK：超出本市場狀態可執行名額
324,PRE,310,2,1726,WATCH,54.0,80.0,WAIT,BLOCK,False,75.5,50-100,0.0,0,不可下單,波動壓縮 | 均線收斂 | 接近突破 | 結構尚可,PRE 佈局型：等待突破確認，小倉觀察，不主動重倉,PRE 是主升段前卡位，只能小倉。,BLOCK：超出本市場狀態可執行名額
325,PRE,311,2,1742,WATCH,54.0,80.0,WAIT,BLOCK,False,15.9,50以下,0.0,0,不可下單,波動壓縮 | 均線收斂 | 接近突破 | 結構尚可,PRE 佈局型：等待突破確認，小倉觀察，不主動重倉,PRE 是主升段前卡位，只能小倉。,BLOCK：超出本市場狀態可執行名額
326,PRE,312,2,1788,WATCH,54.0,80.0,WAIT,BLOCK,False,135.5,100-500,0.0,0,不可下單,波動壓縮 | 均線收斂 | 接近突破 | 結構尚可,PRE 佈局型：等待突破確認，小倉觀察，不主動重倉,PRE 是主升段前卡位，只能小倉。,BLOCK：超出本市場狀態可執行名額
327,PRE,313,2,2015,WATCH,54.0,80.0,WAIT,BLOCK,False,60.6,50-100,0.0,0,不可下單,波動壓縮 | 均線收斂 | 接近突破 | 結構尚可,PRE 佈局型：等待突破確認，小倉觀察，不主動重倉,PRE 是主升段前卡位，只能小倉。,BLOCK：超出本市場狀態可執行名額
328,PRE,314,2,2030,WATCH,54.0,80.0,WAIT,BLOCK,False,15.8,50以下,0.0,0,不可下單,波動壓縮 | 均線收斂 | 接近突破 | 結構尚可,PRE 佈局型：等待突破確認，小倉觀察，不主動重倉,PRE 是主升段前卡位，只能小倉。,BLOCK：超出本市場狀態可執行名額
329,PRE,315,2,2035,WATCH,54.0,80.0,WAIT,BLOCK,False,28.3,50以下,0.0,0,不可下單,波動壓縮 | 均線收斂 | 接近突破 | 結構尚可,PRE 佈局型：等待突破確認，小倉觀察，不主動重倉,PRE 是主升段前卡位，只能小倉。,BLOCK：超出本市場狀態可執行名額
330,PRE,316,2,2347,WATCH,54.0,80.0,WAIT,BLOCK,False,81.7,50-100,0.0,0,不可下單,波動壓縮 | 均線收斂 | 接近突破 | 結構尚可,PRE 佈局型：等待突破確認，小倉觀察，不主動重倉,PRE 是主升段前卡位，只能小倉。,BLOCK：超出本市場狀態可執行名額
331,PRE,317,2,2362,WATCH,54.0,80.0,WAIT,BLOCK,False,38.3,50以下,0.0,0,不可下單,波動壓縮 | 均線收斂 | 接近突破 | 結構尚可,PRE 佈局型：等待突破確認，小倉觀察，不主動重倉,PRE 是主升段前卡位，只能小倉。,BLOCK：超出本市場狀態可執行名額
332,PRE,318,2,2387,WATCH,54.0,80.0,WAIT,BLOCK,False,40.8,50以下,0.0,0,不可下單,波動壓縮 | 均線收斂 | 接近突破 | 結構尚可,PRE 佈局型：等待突破確認，小倉觀察，不主動重倉,PRE 是主升段前卡位，只能小倉。,BLOCK：超出本市場狀態可執行名額
333,PRE,319,2,2412,WATCH,54.0,80.0,WAIT,BLOCK,False,135.5,100-500,0.0,0,不可下單,波動壓縮 | 均線收斂 | 接近突破 | 結構尚可,PRE 佈局型：等待突破確認，小倉觀察，不主動重倉,PRE 是主升段前卡位，只能小倉。,BLOCK：超出本市場狀態可執行名額
334,PRE,320,2,2458,WATCH,54.0,80.0,WAIT,BLOCK,False,137.5,100-500,0.0,0,不可下單,波動壓縮 | 均線收斂 | 接近突破 | 結構尚可,PRE 佈局型：等待突破確認，小倉觀察，不主動重倉,PRE 是主升段前卡位，只能小倉。,BLOCK：超出本市場狀態可執行名額
335,PRE,321,2,2496,WATCH,54.0,80.0,WAIT,BLOCK,False,64.5,50-100,0.0,0,不可下單,波動壓縮 | 均線收斂 | 接近突破 | 結構尚可,PRE 佈局型：等待突破確認，小倉觀察，不主動重倉,PRE 是主升段前卡位，只能小倉。,BLOCK：超出本市場狀態可執行名額
336,PRE,322,2,2505,WATCH,54.0,80.0,WAIT,BLOCK,False,18.2,50以下,0.0,0,不可下單,波動壓縮 | 均線收斂 | 放量吸收 | 結構尚可,PRE 佈局型：等待突破確認，小倉觀察，不主動重倉,PRE 是主升段前卡位，只能小倉。,BLOCK：超出本市場狀態可執行名額
337,PRE,323,2,2613,WATCH,54.0,80.0,WAIT,BLOCK,False,22.55,50以下,0.0,0,不可下單,波動壓縮 | 均線收斂 | 接近突破 | 結構尚可,PRE 佈局型：等待突破確認，小倉觀察，不主動重倉,PRE 是主升段前卡位，只能小倉。,BLOCK：超出本市場狀態可執行名額
338,PRE,324,2,2836,WATCH,54.0,80.0,WAIT,BLOCK,False,11.8,50以下,0.0,0,不可下單,波動壓縮 | 均線收斂 | 接近突破 | 結構尚可,PRE 佈局型：等待突破確認，小倉觀察，不主動重倉,PRE 是主升段前卡位，只能小倉。,BLOCK：超出本市場狀態可執行名額
339,PRE,325,2,2903,WATCH,54.0,80.0,WAIT,BLOCK,False,22.25,50以下,0.0,0,不可下單,波動壓縮 | 均線收斂 | 接近突破 | 結構尚可,PRE 佈局型：等待突破確認，小倉觀察，不主動重倉,PRE 是主升段前卡位，只能小倉。,BLOCK：超出本市場狀態可執行名額
340,PRE,326,2,2904,WATCH,54.0,80.0,WAIT,BLOCK,False,16.25,50以下,0.0,0,不可下單,波動壓縮 | 均線收斂 | 接近突破 | 結構尚可,PRE 佈局型：等待突破確認，小倉觀察，不主動重倉,PRE 是主升段前卡位，只能小倉。,BLOCK：超出本市場狀態可執行名額
341,PRE,327,2,2937,WATCH,54.0,80.0,WAIT,BLOCK,False,43.75,50以下,0.0,0,不可下單,波動壓縮 | 均線收斂 | 接近突破 | 結構尚可,PRE 佈局型：等待突破確認，小倉觀察，不主動重倉,PRE 是主升段前卡位，只能小倉。,BLOCK：超出本市場狀態可執行名額
342,PRE,328,2,2947,WATCH,54.0,80.0,WAIT,BLOCK,False,78.1,50-100,0.0,0,不可下單,波動壓縮 | 均線收斂 | 接近突破 | 結構尚可,PRE 佈局型：等待突破確認，小倉觀察，不主動重倉,PRE 是主升段前卡位，只能小倉。,BLOCK：超出本市場狀態可執行名額
343,PRE,329,2,3213,WATCH,54.0,80.0,WAIT,BLOCK,False,106.5,100-500,0.0,0,不可下單,波動壓縮 | 均線收斂 | 接近突破 | 結構尚可,PRE 佈局型：等待突破確認，小倉觀察，不主動重倉,PRE 是主升段前卡位，只能小倉。,BLOCK：超出本市場狀態可執行名額
344,PRE,330,2,3426,WATCH,54.0,80.0,WAIT,BLOCK,False,47.65,50以下,0.0,0,不可下單,波動壓縮 | 均線收斂 | 接近突破 | 結構尚可,PRE 佈局型：等待突破確認，小倉觀察，不主動重倉,PRE 是主升段前卡位，只能小倉。,BLOCK：超出本市場狀態可執行名額
345,PRE,331,2,3570,WATCH,54.0,80.0,WAIT,BLOCK,False,163.0,100-500,0.0,0,不可下單,波動壓縮 | 均線收斂 | 接近突破 | 結構尚可,PRE 佈局型：等待突破確認，小倉觀察，不主動重倉,PRE 是主升段前卡位，只能小倉。,BLOCK：超出本市場狀態可執行名額
346,PRE,332,2,4126,WATCH,54.0,80.0,WAIT,BLOCK,False,79.3,50-100,0.0,0,不可下單,波動壓縮 | 均線收斂 | 接近突破 | 結構尚可,PRE 佈局型：等待突破確認，小倉觀察，不主動重倉,PRE 是主升段前卡位，只能小倉。,BLOCK：超出本市場狀態可執行名額
347,PRE,333,2,4137,WATCH,54.0,80.0,WAIT,BLOCK,False,106.0,100-500,0.0,0,不可下單,波動壓縮 | 均線收斂 | 接近突破 | 結構尚可,PRE 佈局型：等待突破確認，小倉觀察，不主動重倉,PRE 是主升段前卡位，只能小倉。,BLOCK：超出本市場狀態可執行名額
348,PRE,334,2,4430,WATCH,54.0,80.0,WAIT,BLOCK,False,17.5,50以下,0.0,0,不可下單,波動壓縮 | 均線收斂 | 接近突破 | 結構尚可,PRE 佈局型：等待突破確認，小倉觀察，不主動重倉,PRE 是主升段前卡位，只能小倉。,BLOCK：超出本市場狀態可執行名額
349,PRE,335,2,4580,WATCH,54.0,80.0,WAIT,BLOCK,False,82.2,50-100,0.0,0,不可下單,安靜吸籌 | 均線收斂 | 接近突破 | 結構尚可,PRE 佈局型：等待突破確認，小倉觀察，不主動重倉,PRE 是主升段前卡位，只能小倉。,BLOCK：超出本市場狀態可執行名額
350,PRE,336,2,4584,WATCH,54.0,80.0,WAIT,BLOCK,False,41.5,50以下,0.0,0,不可下單,波動壓縮 | 均線收斂 | 接近突破 | 結構尚可,PRE 佈局型：等待突破確認，小倉觀察，不主動重倉,PRE 是主升段前卡位，只能小倉。,BLOCK：超出本市場狀態可執行名額
351,PRE,337,2,4942,WATCH,54.0,80.0,WAIT,BLOCK,False,37.95,50以下,0.0,0,不可下單,波動壓縮 | 均線收斂 | 接近突破 | 結構尚可,PRE 佈局型：等待突破確認，小倉觀察，不主動重倉,PRE 是主升段前卡位，只能小倉。,BLOCK：超出本市場狀態可執行名額
352,PRE,338,2,5007,WATCH,54.0,80.0,WAIT,BLOCK,False,57.8,50-100,0.0,0,不可下單,波動壓縮 | 均線收斂 | 接近突破 | 結構尚可,PRE 佈局型：等待突破確認，小倉觀察，不主動重倉,PRE 是主升段前卡位，只能小倉。,BLOCK：超出本市場狀態可執行名額
353,PRE,339,2,5220,WATCH,54.0,80.0,WAIT,BLOCK,False,20.3,50以下,0.0,0,不可下單,波動壓縮 | 均線收斂 | 接近突破 | 結構尚可,PRE 佈局型：等待突破確認，小倉觀察，不主動重倉,PRE 是主升段前卡位，只能小倉。,BLOCK：超出本市場狀態可執行名額
354,PRE,340,2,5315,WATCH,54.0,80.0,WAIT,BLOCK,False,22.5,50以下,0.0,0,不可下單,波動壓縮 | 均線收斂 | 接近突破 | 結構尚可,PRE 佈局型：等待突破確認，小倉觀察，不主動重倉,PRE 是主升段前卡位，只能小倉。,BLOCK：超出本市場狀態可執行名額
355,PRE,341,2,5519,WATCH,54.0,80.0,WAIT,BLOCK,False,32.35,50以下,0.0,0,不可下單,波動壓縮 | 均線收斂 | 接近突破 | 結構尚可,PRE 佈局型：等待突破確認，小倉觀察，不主動重倉,PRE 是主升段前卡位，只能小倉。,BLOCK：超出本市場狀態可執行名額
356,PRE,342,2,6184,WATCH,54.0,80.0,WAIT,BLOCK,False,46.8,50以下,0.0,0,不可下單,波動壓縮 | 均線收斂 | 接近突破 | 結構尚可,PRE 佈局型：等待突破確認，小倉觀察，不主動重倉,PRE 是主升段前卡位，只能小倉。,BLOCK：超出本市場狀態可執行名額
357,PRE,343,2,6185,WATCH,54.0,80.0,WAIT,BLOCK,False,14.05,50以下,0.0,0,不可下單,波動壓縮 | 均線收斂 | 接近突破 | 結構尚可,PRE 佈局型：等待突破確認，小倉觀察，不主動重倉,PRE 是主升段前卡位，只能小倉。,BLOCK：超出本市場狀態可執行名額
358,PRE,344,2,6210,WATCH,54.0,80.0,WAIT,BLOCK,False,20.5,50以下,0.0,0,不可下單,安靜吸籌 | 均線收斂 | 放量吸收 | 結構尚可,PRE 佈局型：等待突破確認，小倉觀察，不主動重倉,PRE 是主升段前卡位，只能小倉。,BLOCK：超出本市場狀態可執行名額
359,PRE,345,2,6240,WATCH,54.0,80.0,WAIT,BLOCK,False,18.8,50以下,0.0,0,不可下單,波動壓縮 | 均線收斂 | 接近突破 | 結構尚可,PRE 佈局型：等待突破確認，小倉觀察，不主動重倉,PRE 是主升段前卡位，只能小倉。,BLOCK：超出本市場狀態可執行名額
360,PRE,346,2,6590,WATCH,54.0,80.0,WAIT,BLOCK,False,69.8,50-100,0.0,0,不可下單,波動壓縮 | 均線收斂 | 接近突破 | 結構尚可,PRE 佈局型：等待突破確認，小倉觀察，不主動重倉,PRE 是主升段前卡位，只能小倉。,BLOCK：超出本市場狀態可執行名額
361,PRE,347,2,6615,WATCH,54.0,80.0,WAIT,BLOCK,False,32.95,50以下,0.0,0,不可下單,波動壓縮 | 均線收斂 | 接近突破 | 結構尚可,PRE 佈局型：等待突破確認，小倉觀察，不主動重倉,PRE 是主升段前卡位，只能小倉。,BLOCK：超出本市場狀態可執行名額
362,PRE,348,2,6642,WATCH,54.0,80.0,WAIT,BLOCK,False,57.2,50-100,0.0,0,不可下單,波動壓縮 | 均線收斂 | 接近突破 | 結構尚可,PRE 佈局型：等待突破確認，小倉觀察，不主動重倉,PRE 是主升段前卡位，只能小倉。,BLOCK：超出本市場狀態可執行名額
363,PRE,349,2,6692,WATCH,54.0,80.0,WAIT,BLOCK,False,31.85,50以下,0.0,0,不可下單,波動壓縮 | 均線收斂 | 接近突破 | 結構尚可,PRE 佈局型：等待突破確認，小倉觀察，不主動重倉,PRE 是主升段前卡位，只能小倉。,BLOCK：超出本市場狀態可執行名額
364,PRE,350,2,6767,WATCH,54.0,80.0,WAIT,BLOCK,False,27.8,50以下,0.0,0,不可下單,波動壓縮 | 均線收斂 | 接近突破 | 結構尚可,PRE 佈局型：等待突破確認，小倉觀察，不主動重倉,PRE 是主升段前卡位，只能小倉。,BLOCK：超出本市場狀態可執行名額
365,PRE,351,2,6803,WATCH,54.0,80.0,WAIT,BLOCK,False,290.5,100-500,0.0,0,不可下單,波動壓縮 | 均線收斂 | 接近突破 | 結構尚可,PRE 佈局型：等待突破確認，小倉觀察，不主動重倉,PRE 是主升段前卡位，只能小倉。,BLOCK：超出本市場狀態可執行名額
366,PRE,352,2,6958,WATCH,54.0,80.0,WAIT,BLOCK,False,19.6,50以下,0.0,0,不可下單,波動壓縮 | 均線收斂 | 接近突破 | 結構尚可,PRE 佈局型：等待突破確認，小倉觀察，不主動重倉,PRE 是主升段前卡位，只能小倉。,BLOCK：超出本市場狀態可執行名額
367,PRE,353,2,7743,WATCH,54.0,80.0,WAIT,BLOCK,False,20.0,50以下,0.0,0,不可下單,波動壓縮 | 均線收斂 | 接近突破 | 結構尚可,PRE 佈局型：等待突破確認，小倉觀察，不主動重倉,PRE 是主升段前卡位，只能小倉。,BLOCK：超出本市場狀態可執行名額
368,PRE,354,2,7767,WATCH,54.0,80.0,WAIT,BLOCK,False,44.65,50以下,0.0,0,不可下單,波動壓縮 | 均線收斂 | 接近突破 | 結構尚可,PRE 佈局型：等待突破確認，小倉觀察，不主動重倉,PRE 是主升段前卡位，只能小倉。,BLOCK：超出本市場狀態可執行名額
369,PRE,355,2,7791,WATCH,54.0,80.0,WAIT,BLOCK,False,64.6,50-100,0.0,0,不可下單,波動壓縮 | 均線收斂 | 接近突破 | 結構尚可,PRE 佈局型：等待突破確認，小倉觀察，不主動重倉,PRE 是主升段前卡位，只能小倉。,BLOCK：超出本市場狀態可執行名額
370,PRE,356,2,8423,WATCH,54.0,80.0,WAIT,BLOCK,False,17.95,50以下,0.0,0,不可下單,波動壓縮 | 均線收斂 | 接近突破 | 結構尚可,PRE 佈局型：等待突破確認，小倉觀察，不主動重倉,PRE 是主升段前卡位，只能小倉。,BLOCK：超出本市場狀態可執行名額
371,PRE,357,2,8435,WATCH,54.0,80.0,WAIT,BLOCK,False,56.0,50-100,0.0,0,不可下單,波動壓縮 | 均線收斂 | 接近突破 | 結構尚可,PRE 佈局型：等待突破確認，小倉觀察，不主動重倉,PRE 是主升段前卡位，只能小倉。,BLOCK：超出本市場狀態可執行名額
372,PRE,358,2,8482,WATCH,54.0,80.0,WAIT,BLOCK,False,49.25,50以下,0.0,0,不可下單,波動壓縮 | 均線收斂 | 接近突破 | 結構尚可,PRE 佈局型：等待突破確認，小倉觀察，不主動重倉,PRE 是主升段前卡位，只能小倉。,BLOCK：超出本市場狀態可執行名額
373,PRE,359,2,8908,WATCH,54.0,80.0,WAIT,BLOCK,False,39.4,50以下,0.0,0,不可下單,波動壓縮 | 均線收斂 | 接近突破 | 結構尚可,PRE 佈局型：等待突破確認，小倉觀察，不主動重倉,PRE 是主升段前卡位，只能小倉。,BLOCK：超出本市場狀態可執行名額
374,PRE,360,2,8936,WATCH,54.0,80.0,WAIT,BLOCK,False,52.3,50-100,0.0,0,不可下單,安靜吸籌 | 均線收斂 | 接近突破 | 結構尚可,PRE 佈局型：等待突破確認，小倉觀察，不主動重倉,PRE 是主升段前卡位，只能小倉。,BLOCK：超出本市場狀態可執行名額
375,PRE,361,2,9917,WATCH,54.0,80.0,WAIT,BLOCK,False,112.5,100-500,0.0,0,不可下單,波動壓縮 | 均線收斂 | 接近突破 | 結構尚可,PRE 佈局型：等待突破確認，小倉觀察，不主動重倉,PRE 是主升段前卡位，只能小倉。,BLOCK：超出本市場狀態可執行名額
376,PRE,362,2,9927,WATCH,54.0,80.0,WAIT,BLOCK,False,68.3,50-100,0.0,0,不可下單,波動壓縮 | 均線收斂 | 接近突破 | 結構尚可,PRE 佈局型：等待突破確認，小倉觀察，不主動重倉,PRE 是主升段前卡位，只能小倉。,BLOCK：超出本市場狀態可執行名額
377,PRE,363,2,9931,WATCH,54.0,80.0,WAIT,BLOCK,False,34.75,50以下,0.0,0,不可下單,波動壓縮 | 洗盤收回 | 均線收斂 | 結構尚可,PRE 佈局型：等待突破確認，小倉觀察，不主動重倉,PRE 是主升段前卡位，只能小倉。,BLOCK：超出本市場狀態可執行名額
378,PRE,364,2,9940,WATCH,54.0,80.0,WAIT,BLOCK,False,19.7,50以下,0.0,0,不可下單,波動壓縮 | 均線收斂 | 接近突破 | 結構尚可,PRE 佈局型：等待突破確認，小倉觀察，不主動重倉,PRE 是主升段前卡位，只能小倉。,BLOCK：超出本市場狀態可執行名額
379,PRE,365,2,9943,WATCH,54.0,80.0,WAIT,BLOCK,False,55.7,50-100,0.0,0,不可下單,波動壓縮 | 均線收斂 | 接近突破 | 結構尚可,PRE 佈局型：等待突破確認，小倉觀察，不主動重倉,PRE 是主升段前卡位，只能小倉。,BLOCK：超出本市場狀態可執行名額
380,PRE,366,2,9944,WATCH,54.0,80.0,WAIT,BLOCK,False,16.35,50以下,0.0,0,不可下單,波動壓縮 | 均線收斂 | 接近突破 | 結構尚可,PRE 佈局型：等待突破確認，小倉觀察，不主動重倉,PRE 是主升段前卡位，只能小倉。,BLOCK：超出本市場狀態可執行名額
381,PRE,367,2,9951,WATCH,54.0,80.0,WAIT,BLOCK,False,53.8,50-100,0.0,0,不可下單,波動壓縮 | 均線收斂 | 接近突破 | 結構尚可,PRE 佈局型：等待突破確認，小倉觀察，不主動重倉,PRE 是主升段前卡位，只能小倉。,BLOCK：超出本市場狀態可執行名額
382,PRE,368,2,5546,WATCH,62.0,55.0,WAIT,BLOCK,False,16.55,50以下,0.0,0,不可下單,波動壓縮 | 洗盤收回 | 均線收斂 | 接近突破,PRE 條件未完整，僅保留觀察,PRE 是主升段前卡位，只能小倉。,BLOCK：超出本市場狀態可執行名額
383,PRE,369,2,3004,WATCH,54.0,75.0,WAIT,BLOCK,False,115.5,100-500,0.0,0,不可下單,安靜吸籌 | 均線收斂 | 接近突破 | 結構尚可,PRE 佈局型：等待突破確認，小倉觀察，不主動重倉,PRE 是主升段前卡位，只能小倉。,BLOCK：超出本市場狀態可執行名額
384,PRE,370,2,3014,WATCH,54.0,75.0,WAIT,BLOCK,False,127.0,100-500,0.0,0,不可下單,安靜吸籌 | 均線收斂 | 接近突破 | 結構尚可,PRE 佈局型：等待突破確認，小倉觀察，不主動重倉,PRE 是主升段前卡位，只能小倉。,BLOCK：超出本市場狀態可執行名額
385,PRE,371,2,3022,WATCH,54.0,75.0,WAIT,BLOCK,False,71.0,50-100,0.0,0,不可下單,波動壓縮 | 均線收斂 | 接近突破 | 結構尚可,PRE 佈局型：等待突破確認，小倉觀察，不主動重倉,PRE 是主升段前卡位，只能小倉。,BLOCK：超出本市場狀態可執行名額
386,PRE,372,2,3218,WATCH,54.0,75.0,WAIT,BLOCK,False,138.0,100-500,0.0,0,不可下單,安靜吸籌 | 均線收斂 | 接近突破 | 結構尚可,PRE 佈局型：等待突破確認，小倉觀察，不主動重倉,PRE 是主升段前卡位，只能小倉。,BLOCK：超出本市場狀態可執行名額
387,PRE,373,2,6015,TEST,70.0,25.0,WAIT,BLOCK,False,14.65,50以下,0.0,0,不可下單,波動壓縮 | 安靜吸籌 | 放量吸收 | 接近突破 | 結構尚可,PRE 條件未完整，僅保留觀察,PRE 是主升段前卡位，只能小倉。,BLOCK：超出本市場狀態可執行名額
388,PRE,374,2,1519,TEST,68.0,30.0,WAIT,BLOCK,False,917.0,500-1000,0.0,0,不可下單,波動壓縮 | 均線收斂 | 放量吸收 | 接近突破 | 結構尚可,PRE 條件未完整，僅保留觀察,PRE 是主升段前卡位，只能小倉。,BLOCK：超出本市場狀態可執行名額
389,PRE,375,2,2601,WATCH,64.0,40.0,WAIT,BLOCK,False,4.94,50以下,0.0,0,不可下單,波動壓縮 | 安靜吸籌 | 洗盤收回 | 放量吸收,PRE 條件未完整，僅保留觀察,PRE 是主升段前卡位，只能小倉。,BLOCK：超出本市場狀態可執行名額
390,PRE,376,2,1503,WATCH,54.0,70.0,WAIT,BLOCK,False,201.5,100-500,0.0,0,不可下單,波動壓縮 | 均線收斂 | 接近突破 | 結構尚可,PRE 佈局型：等待突破確認，小倉觀察，不主動重倉,PRE 是主升段前卡位，只能小倉。,BLOCK：超出本市場狀態可執行名額
391,PRE,377,2,1904,WATCH,54.0,70.0,WAIT,BLOCK,False,17.65,50以下,0.0,0,不可下單,波動壓縮 | 洗盤收回 | 均線收斂 | 結構尚可,PRE 佈局型：等待突破確認，小倉觀察，不主動重倉,PRE 是主升段前卡位，只能小倉。,BLOCK：超出本市場狀態可執行名額
392,PRE,378,2,2033,WATCH,54.0,70.0,WAIT,BLOCK,False,15.3,50以下,0.0,0,不可下單,安靜吸籌 | 均線收斂 | 放量吸收 | 結構尚可,PRE 佈局型：等待突破確認，小倉觀察，不主動重倉,PRE 是主升段前卡位，只能小倉。,BLOCK：超出本市場狀態可執行名額
393,PRE,379,2,2536,WATCH,54.0,70.0,WAIT,BLOCK,False,21.1,50以下,0.0,0,不可下單,安靜吸籌 | 均線收斂 | 放量吸收 | 結構尚可,PRE 佈局型：等待突破確認，小倉觀察，不主動重倉,PRE 是主升段前卡位，只能小倉。,BLOCK：超出本市場狀態可執行名額
394,PRE,380,2,2548,WATCH,54.0,70.0,WAIT,BLOCK,False,123.0,100-500,0.0,0,不可下單,安靜吸籌 | 均線收斂 | 放量吸收 | 結構尚可,PRE 佈局型：等待突破確認，小倉觀察，不主動重倉,PRE 是主升段前卡位，只能小倉。,BLOCK：超出本市場狀態可執行名額
395,PRE,381,2,2850,WATCH,54.0,70.0,WAIT,BLOCK,False,130.0,100-500,0.0,0,不可下單,安靜吸籌 | 均線收斂 | 接近突破 | 結構尚可,PRE 佈局型：等待突破確認，小倉觀察，不主動重倉,PRE 是主升段前卡位，只能小倉。,BLOCK：超出本市場狀態可執行名額
396,PRE,382,2,2884,WATCH,54.0,70.0,WAIT,BLOCK,False,31.3,50以下,0.0,0,不可下單,安靜吸籌 | 均線收斂 | 接近突破 | 結構尚可,PRE 佈局型：等待突破確認，小倉觀察，不主動重倉,PRE 是主升段前卡位，只能小倉。,BLOCK：超出本市場狀態可執行名額
397,PRE,383,2,3029,WATCH,54.0,70.0,WAIT,BLOCK,False,101.5,100-500,0.0,0,不可下單,安靜吸籌 | 均線收斂 | 接近突破 | 結構尚可,PRE 佈局型：等待突破確認，小倉觀察，不主動重倉,PRE 是主升段前卡位，只能小倉。,BLOCK：超出本市場狀態可執行名額
398,PRE,384,2,3232,WATCH,54.0,70.0,WAIT,BLOCK,False,21.0,50以下,0.0,0,不可下單,安靜吸籌 | 均線收斂 | 放量吸收 | 結構尚可,PRE 佈局型：等待突破確認，小倉觀察，不主動重倉,PRE 是主升段前卡位，只能小倉。,BLOCK：超出本市場狀態可執行名額
399,PRE,385,2,3379,WATCH,62.0,45.0,WAIT,BLOCK,False,39.0,50以下,0.0,0,不可下單,安靜吸籌 | 均線收斂 | 放量吸收 | 接近突破,PRE 條件未完整，僅保留觀察,PRE 是主升段前卡位，只能小倉。,BLOCK：超出本市場狀態可執行名額
400,PRE,386,2,8454,WATCH,50.0,80.0,WAIT,BLOCK,False,176.0,100-500,0.0,0,不可下單,均線收斂 | 放量吸收 | 接近突破 | 結構尚可,PRE 佈局型：等待突破確認，小倉觀察，不主動重倉,PRE 是主升段前卡位，只能小倉。,BLOCK：超出本市場狀態可執行名額
401,PRE,387,2,8923,WATCH,50.0,80.0,WAIT,BLOCK,False,19.55,50以下,0.0,0,不可下單,洗盤收回 | 均線收斂 | 接近突破 | 結構尚可,PRE 佈局型：等待突破確認，小倉觀察，不主動重倉,PRE 是主升段前卡位，只能小倉。,BLOCK：超出本市場狀態可執行名額
402,PRE,388,2,2344,WATCH,54.0,65.0,WAIT,BLOCK,False,95.4,50-100,0.0,0,不可下單,波動壓縮 | 均線收斂 | 接近突破 | 結構尚可,PRE 條件未完整，僅保留觀察,PRE 是主升段前卡位，只能小倉。,BLOCK：超出本市場狀態可執行名額
403,PRE,389,2,6005,WATCH,54.0,65.0,WAIT,BLOCK,False,29.0,50以下,0.0,0,不可下單,波動壓縮 | 均線收斂 | 接近突破 | 結構尚可,PRE 條件未完整，僅保留觀察,PRE 是主升段前卡位，只能小倉。,BLOCK：超出本市場狀態可執行名額
404,PRE,390,2,8050,WATCH,54.0,65.0,WAIT,BLOCK,False,42.9,50以下,0.0,0,不可下單,安靜吸籌 | 均線收斂 | 接近突破 | 結構尚可,PRE 條件未完整，僅保留觀察,PRE 是主升段前卡位，只能小倉。,BLOCK：超出本市場狀態可執行名額
405,PRE,391,2,2915,WATCH,52.0,70.0,WAIT,BLOCK,False,43.55,50以下,0.0,0,不可下單,波動壓縮 | 安靜吸籌 | 均線收斂,PRE 佈局型：等待突破確認，小倉觀察，不主動重倉,PRE 是主升段前卡位，只能小倉。,BLOCK：超出本市場狀態可執行名額
406,PRE,392,2,9934,WATCH,52.0,70.0,WAIT,BLOCK,False,9.04,50以下,0.0,0,不可下單,波動壓縮 | 安靜吸籌 | 均線收斂,PRE 佈局型：等待突破確認，小倉觀察，不主動重倉,PRE 是主升段前卡位，只能小倉。,BLOCK：超出本市場狀態可執行名額
407,PRE,393,2,4304,TEST,70.0,15.0,WAIT,BLOCK,False,31.0,50以下,0.0,0,不可下單,波動壓縮 | 安靜吸籌 | 放量吸收 | 接近突破 | 結構尚可,PRE 條件未完整，僅保留觀察,PRE 是主升段前卡位，只能小倉。,BLOCK：超出本市場狀態可執行名額
408,PRE,394,2,8069,WATCH,52.0,65.0,WAIT,BLOCK,False,140.0,100-500,0.0,0,不可下單,波動壓縮 | 安靜吸籌 | 均線收斂,PRE 條件未完整，僅保留觀察,PRE 是主升段前卡位，只能小倉。,BLOCK：超出本市場狀態可執行名額
409,PRE,395,2,1303,WATCH,54.0,55.0,WAIT,BLOCK,False,88.4,50-100,0.0,0,不可下單,波動壓縮 | 均線收斂 | 接近突破 | 結構尚可,PRE 條件未完整，僅保留觀察,PRE 是主升段前卡位，只能小倉。,BLOCK：超出本市場狀態可執行名額
410,PRE,396,2,5355,WATCH,54.0,55.0,WAIT,BLOCK,False,6.74,50以下,0.0,0,不可下單,安靜吸籌 | 均線收斂 | 放量吸收 | 結構尚可,PRE 條件未完整，僅保留觀察,PRE 是主升段前卡位，只能小倉。,BLOCK：超出本市場狀態可執行名額
411,PRE,397,2,6203,WATCH,54.0,55.0,WAIT,BLOCK,False,69.3,50-100,0.0,0,不可下單,安靜吸籌 | 均線收斂 | 接近突破 | 結構尚可,PRE 條件未完整，僅保留觀察,PRE 是主升段前卡位，只能小倉。,BLOCK：超出本市場狀態可執行名額
412,PRE,398,2,6477,WATCH,54.0,55.0,WAIT,BLOCK,False,35.1,50以下,0.0,0,不可下單,波動壓縮 | 均線收斂 | 接近突破 | 結構尚可,PRE 條件未完整，僅保留觀察,PRE 是主升段前卡位，只能小倉。,BLOCK：超出本市場狀態可執行名額
413,PRE,399,2,6872,WATCH,54.0,55.0,WAIT,BLOCK,False,18.2,50以下,0.0,0,不可下單,安靜吸籌 | 均線收斂 | 接近突破 | 結構尚可,PRE 條件未完整，僅保留觀察,PRE 是主升段前卡位，只能小倉。,BLOCK：超出本市場狀態可執行名額
414,PRE,400,2,2421,WATCH,54.0,50.0,WAIT,BLOCK,False,150.0,100-500,0.0,0,不可下單,波動壓縮 | 均線收斂 | 接近突破 | 結構尚可,PRE 條件未完整，僅保留觀察,PRE 是主升段前卡位，只能小倉。,BLOCK：超出本市場狀態可執行名額
415,PRE,401,2,2425,WATCH,54.0,50.0,WAIT,BLOCK,False,30.85,50以下,0.0,0,不可下單,安靜吸籌 | 均線收斂 | 接近突破 | 結構尚可,PRE 條件未完整，僅保留觀察,PRE 是主升段前卡位，只能小倉。,BLOCK：超出本市場狀態可執行名額
416,PRE,402,2,1340,WATCH,50.0,60.0,WAIT,BLOCK,False,5.72,50以下,0.0,0,不可下單,波動壓縮 | 安靜吸籌 | 洗盤收回,PRE 條件未完整，僅保留觀察,PRE 是主升段前卡位，只能小倉。,BLOCK：超出本市場狀態可執行名額
417,PRE,403,2,2302,WATCH,54.0,45.0,WAIT,BLOCK,False,19.55,50以下,0.0,0,不可下單,波動壓縮 | 均線收斂 | 接近突破 | 結構尚可,PRE 條件未完整，僅保留觀察,PRE 是主升段前卡位，只能小倉。,BLOCK：超出本市場狀態可執行名額
418,PRE,404,2,3023,WATCH,54.0,45.0,WAIT,BLOCK,False,288.5,100-500,0.0,0,不可下單,波動壓縮 | 均線收斂 | 接近突破 | 結構尚可,PRE 條件未完整，僅保留觀察,PRE 是主升段前卡位，只能小倉。,BLOCK：超出本市場狀態可執行名額
419,PRE,405,2,8099,WATCH,54.0,45.0,WAIT,BLOCK,False,63.9,50-100,0.0,0,不可下單,安靜吸籌 | 均線收斂 | 放量吸收 | 結構尚可,PRE 條件未完整，僅保留觀察,PRE 是主升段前卡位，只能小倉。,BLOCK：超出本市場狀態可執行名額
420,PRE,406,2,4560,WATCH,52.0,40.0,WAIT,BLOCK,False,35.5,50以下,0.0,0,不可下單,安靜吸籌 | 放量吸收 | 接近突破 | 結構尚可,PRE 條件未完整，僅保留觀察,PRE 是主升段前卡位，只能小倉。,BLOCK：超出本市場狀態可執行名額
421,PRE,407,2,4950,WATCH,54.0,30.0,WAIT,BLOCK,False,18.6,50以下,0.0,0,不可下單,安靜吸籌 | 均線收斂 | 接近突破 | 結構尚可,PRE 條件未完整，僅保留觀察,PRE 是主升段前卡位，只能小倉。,BLOCK：超出本市場狀態可執行名額
422,PRE,408,2,6246,WATCH,54.0,30.0,WAIT,BLOCK,False,18.0,50以下,0.0,0,不可下單,安靜吸籌 | 均線收斂 | 接近突破 | 結構尚可,PRE 條件未完整，僅保留觀察,PRE 是主升段前卡位，只能小倉。,BLOCK：超出本市場狀態可執行名額
423,PRE,409,2,1473,WATCH,50.0,40.0,WAIT,BLOCK,False,20.9,50以下,0.0,0,不可下單,波動壓縮 | 安靜吸籌 | 放量吸收,PRE 條件未完整，僅保留觀察,PRE 是主升段前卡位，只能小倉。,BLOCK：超出本市場狀態可執行名額
424,PRE,410,2,2528,WATCH,50.0,40.0,WAIT,BLOCK,False,22.4,50以下,0.0,0,不可下單,波動壓縮 | 安靜吸籌 | 放量吸收,PRE 條件未完整，僅保留觀察,PRE 是主升段前卡位，只能小倉。,BLOCK：超出本市場狀態可執行名額
425,PRE,411,2,3059,WATCH,52.0,25.0,WAIT,BLOCK,False,41.05,50以下,0.0,0,不可下單,安靜吸籌 | 放量吸收 | 接近突破 | 結構尚可,PRE 條件未完整，僅保留觀察,PRE 是主升段前卡位，只能小倉。,BLOCK：超出本市場狀態可執行名額
426,PRE,412,2,5543,WATCH,52.0,15.0,WAIT,BLOCK,False,29.8,50以下,0.0,0,不可下單,安靜吸籌 | 放量吸收 | 接近突破 | 結構尚可,PRE 條件未完整，僅保留觀察,PRE 是主升段前卡位，只能小倉。,BLOCK：超出本市場狀態可執行名額
427,PRE,413,2,2061,WATCH,52.0,0.0,WAIT,BLOCK,False,19.6,50以下,0.0,0,不可下單,安靜吸籌 | 放量吸收 | 接近突破 | 結構尚可,PRE 條件未完整，僅保留觀察,PRE 是主升段前卡位，只能小倉。,BLOCK：超出本市場狀態可執行名額
428,PRE,414,2,6597,WATCH,52.0,0.0,WAIT,BLOCK,False,68.6,50-100,0.0,0,不可下單,安靜吸籌 | 放量吸收 | 接近突破 | 結構尚可,PRE 條件未完整，僅保留觀察,PRE 是主升段前卡位，只能小倉。,BLOCK：超出本市場狀態可執行名額
429,PRE,415,2,8234,WATCH,52.0,0.0,WAIT,BLOCK,False,69.0,50-100,0.0,0,不可下單,安靜吸籌 | 放量吸收 | 接近突破 | 結構尚可,PRE 條件未完整，僅保留觀察,PRE 是主升段前卡位，只能小倉。,BLOCK：超出本市場狀態可執行名額
430,ALPHA,1,3,2850,TEST,58.0,70.0,WAIT,BLOCK,False,130.0,100-500,0.0,0,不可下單,ALPHA高流動性強勢延續｜成交量/成交金額優先｜突破/趨勢確認｜高流動性,PRE 佈局型：等待突破確認，小倉觀察，不主動重倉,ALPHA 是短線/反轉補位，不可重倉。,BLOCK：同股已由高優先桶接管
431,ALPHA,2,3,2328,TEST,58.0,65.0,BREAK,BLOCK,False,54.4,50-100,0.0,0,不可下單,ALPHA高流動性強勢延續｜成交量/成交金額優先｜突破/趨勢確認｜高流動性,突破型：可分批追，但避免開盤急拉直接追,ALPHA 是短線/反轉補位，不可重倉。,BLOCK：同股已由高優先桶接管
432,ALPHA,3,3,2395,TEST,58.0,65.0,BREAK,BLOCK,False,395.0,100-500,0.0,0,不可下單,ALPHA高流動性強勢延續｜成交量/成交金額優先｜突破/趨勢確認｜高流動性,突破型：可分批追，但避免開盤急拉直接追,ALPHA 是短線/反轉補位，不可重倉。,BLOCK：同股已由高優先桶接管
433,ALPHA,4,3,2855,TEST,58.0,65.0,BREAK,BLOCK,False,37.55,50以下,0.0,0,不可下單,ALPHA高流動性強勢延續｜成交量/成交金額優先｜突破/趨勢確認｜高流動性,突破型：可分批追，但避免開盤急拉直接追,ALPHA 是短線/反轉補位，不可重倉。,BLOCK：同股已由高優先桶接管
434,ALPHA,5,3,3030,TEST,58.0,65.0,BREAK,BLOCK,False,376.5,100-500,0.0,0,不可下單,ALPHA高流動性強勢延續｜成交量/成交金額優先｜突破/趨勢確認｜高流動性,突破型：可分批追，但避免開盤急拉直接追,ALPHA 是短線/反轉補位，不可重倉。,BLOCK：同股已由高優先桶接管
435,ALPHA,6,3,3135,TEST,58.0,65.0,BREAK,BLOCK,False,155.5,100-500,0.0,0,不可下單,ALPHA高流動性強勢延續｜成交量/成交金額優先｜突破/趨勢確認｜高流動性,突破型：可分批追，但避免開盤急拉直接追,ALPHA 是短線/反轉補位，不可重倉。,BLOCK：同股已由高優先桶接管
436,ALPHA,7,3,3532,TEST,58.0,65.0,BREAK,BLOCK,False,207.5,100-500,0.0,0,不可下單,ALPHA高流動性強勢延續｜成交量/成交金額優先｜突破/趨勢確認｜高流動性,突破型：可分批追，但避免開盤急拉直接追,ALPHA 是短線/反轉補位，不可重倉。,BLOCK：同股已由高優先桶接管
437,ALPHA,8,3,3535,TEST,58.0,65.0,BREAK,BLOCK,False,141.0,100-500,0.0,0,不可下單,ALPHA高流動性強勢延續｜成交量/成交金額優先｜突破/趨勢確認｜高流動性,突破型：可分批追，但避免開盤急拉直接追,ALPHA 是短線/反轉補位，不可重倉。,BLOCK：同股已由高優先桶接管
438,ALPHA,9,3,3711,TEST,58.0,65.0,BREAK,BLOCK,False,525.0,500-1000,0.0,0,不可下單,ALPHA高流動性強勢延續｜成交量/成交金額優先｜突破/趨勢確認｜高流動性,突破型：可分批追，但避免開盤急拉直接追,ALPHA 是短線/反轉補位，不可重倉。,BLOCK：同股已由高優先桶接管
439,ALPHA,10,3,1533,TEST,58.0,55.0,WAIT,BLOCK,False,32.85,50以下,0.0,0,不可下單,ALPHA高流動性強勢延續｜成交量/成交金額優先｜突破/趨勢確認｜高流動性,PRE 條件未完整，僅保留觀察,ALPHA 是短線/反轉補位，不可重倉。,BLOCK：同股已由高優先桶接管
440,ALPHA,11,3,3303,TEST,58.0,55.0,WAIT,BLOCK,False,49.8,50以下,0.0,0,不可下單,ALPHA高流動性強勢延續｜成交量/成交金額優先｜突破/趨勢確認｜高流動性,PRE 條件未完整，僅保留觀察,ALPHA 是短線/反轉補位，不可重倉。,BLOCK：同股已由高優先桶接管
441,ALPHA,12,3,6026,TEST,58.0,55.0,WAIT,BLOCK,False,15.7,50以下,0.0,0,不可下單,ALPHA高流動性強勢延續｜成交量/成交金額優先｜突破/趨勢確認｜高流動性,PRE 條件未完整，僅保留觀察,ALPHA 是短線/反轉補位，不可重倉。,BLOCK：同股已由高優先桶接管
442,ALPHA,13,3,6579,TEST,58.0,55.0,WAIT,BLOCK,False,124.5,100-500,0.0,0,不可下單,ALPHA高流動性強勢延續｜成交量/成交金額優先｜突破/趨勢確認｜高流動性,PRE 條件未完整，僅保留觀察,ALPHA 是短線/反轉補位，不可重倉。,BLOCK：同股已由高優先桶接管
443,ALPHA,14,3,4526,TEST,58.0,45.0,WAIT,BLOCK,False,37.5,50以下,0.0,0,不可下單,ALPHA高流動性強勢延續｜成交量/成交金額優先｜突破/趨勢確認｜高流動性,PRE 條件未完整，僅保留觀察,ALPHA 是短線/反轉補位，不可重倉。,BLOCK：同股已由高優先桶接管
444,ALPHA,15,3,1568,TEST,58.0,25.0,WAIT,BLOCK,False,30.2,50以下,0.0,0,不可下單,ALPHA高流動性強勢延續｜成交量/成交金額優先｜突破/趨勢確認｜高流動性,ALPHA 時機未明，先觀察,ALPHA 是短線/反轉補位，不可重倉。,BLOCK：超出本市場狀態可執行名額
445,ALPHA,16,3,2049,TEST,58.0,25.0,WAIT,BLOCK,False,318.5,100-500,0.0,0,不可下單,ALPHA高流動性強勢延續｜成交量/成交金額優先｜突破/趨勢確認｜高流動性,ALPHA 時機未明，先觀察,ALPHA 是短線/反轉補位，不可重倉。,BLOCK：超出本市場狀態可執行名額
446,ALPHA,17,3,2233,TEST,58.0,25.0,WAIT,BLOCK,False,318.5,100-500,0.0,0,不可下單,ALPHA高流動性強勢延續｜成交量/成交金額優先｜突破/趨勢確認｜高流動性,ALPHA 時機未明，先觀察,ALPHA 是短線/反轉補位，不可重倉。,BLOCK：超出本市場狀態可執行名額
447,ALPHA,18,3,2236,TEST,58.0,25.0,WAIT,BLOCK,False,139.5,100-500,0.0,0,不可下單,ALPHA高流動性強勢延續｜成交量/成交金額優先｜突破/趨勢確認｜高流動性,ALPHA 時機未明，先觀察,ALPHA 是短線/反轉補位，不可重倉。,BLOCK：超出本市場狀態可執行名額
448,ALPHA,19,3,2243,TEST,58.0,25.0,WAIT,BLOCK,False,24.75,50以下,0.0,0,不可下單,ALPHA高流動性強勢延續｜成交量/成交金額優先｜突破/趨勢確認｜高流動性,ALPHA 時機未明，先觀察,ALPHA 是短線/反轉補位，不可重倉。,BLOCK：超出本市場狀態可執行名額
449,ALPHA,20,3,2327,TEST,58.0,25.0,WAIT,BLOCK,False,342.5,100-500,0.0,0,不可下單,ALPHA高流動性強勢延續｜成交量/成交金額優先｜突破/趨勢確認｜高流動性,ALPHA 時機未明，先觀察,ALPHA 是短線/反轉補位，不可重倉。,BLOCK：超出本市場狀態可執行名額
450,ALPHA,21,3,2337,TEST,58.0,25.0,WAIT,BLOCK,False,154.5,100-500,0.0,0,不可下單,ALPHA高流動性強勢延續｜成交量/成交金額優先｜突破/趨勢確認｜高流動性,ALPHA 時機未明，先觀察,ALPHA 是短線/反轉補位，不可重倉。,BLOCK：超出本市場狀態可執行名額
451,ALPHA,22,3,2417,TEST,58.0,25.0,WAIT,BLOCK,False,51.8,50-100,0.0,0,不可下單,ALPHA高流動性強勢延續｜成交量/成交金額優先｜突破/趨勢確認｜高流動性,ALPHA 時機未明，先觀察,ALPHA 是短線/反轉補位，不可重倉。,BLOCK：超出本市場狀態可執行名額
452,ALPHA,23,3,2423,TEST,58.0,25.0,WAIT,BLOCK,False,61.9,50-100,0.0,0,不可下單,ALPHA高流動性強勢延續｜成交量/成交金額優先｜突破/趨勢確認｜高流動性,ALPHA 時機未明，先觀察,ALPHA 是短線/反轉補位，不可重倉。,BLOCK：超出本市場狀態可執行名額
453,ALPHA,24,3,2455,TEST,58.0,25.0,WAIT,BLOCK,False,355.0,100-500,0.0,0,不可下單,ALPHA高流動性強勢延續｜成交量/成交金額優先｜突破/趨勢確認｜高流動性,ALPHA 時機未明，先觀察,ALPHA 是短線/反轉補位，不可重倉。,BLOCK：超出本市場狀態可執行名額
454,ALPHA,25,3,2465,TEST,58.0,25.0,WAIT,BLOCK,False,81.4,50-100,0.0,0,不可下單,ALPHA高流動性強勢延續｜成交量/成交金額優先｜突破/趨勢確認｜高流動性,ALPHA 時機未明，先觀察,ALPHA 是短線/反轉補位，不可重倉。,BLOCK：超出本市場狀態可執行名額
455,ALPHA,26,3,2467,TEST,58.0,25.0,WAIT,BLOCK,False,580.0,500-1000,0.0,0,不可下單,ALPHA高流動性強勢延續｜成交量/成交金額優先｜突破/趨勢確認｜高流動性,ALPHA 時機未明，先觀察,ALPHA 是短線/反轉補位，不可重倉。,BLOCK：超出本市場狀態可執行名額
456,ALPHA,27,3,2486,TEST,58.0,25.0,WAIT,BLOCK,False,297.5,100-500,0.0,0,不可下單,ALPHA高流動性強勢延續｜成交量/成交金額優先｜突破/趨勢確認｜高流動性,ALPHA 時機未明，先觀察,ALPHA 是短線/反轉補位，不可重倉。,BLOCK：超出本市場狀態可執行名額
457,ALPHA,28,3,3033,TEST,58.0,25.0,WAIT,BLOCK,False,37.9,50以下,0.0,0,不可下單,ALPHA高流動性強勢延續｜成交量/成交金額優先｜突破/趨勢確認｜高流動性,ALPHA 時機未明，先觀察,ALPHA 是短線/反轉補位，不可重倉。,BLOCK：超出本市場狀態可執行名額
458,ALPHA,29,3,3051,TEST,58.0,25.0,WAIT,BLOCK,False,29.4,50以下,0.0,0,不可下單,ALPHA高流動性強勢延續｜成交量/成交金額優先｜突破/趨勢確認｜高流動性,ALPHA 時機未明，先觀察,ALPHA 是短線/反轉補位，不可重倉。,BLOCK：超出本市場狀態可執行名額
459,ALPHA,30,3,3094,TEST,58.0,25.0,WAIT,BLOCK,False,28.0,50以下,0.0,0,不可下單,ALPHA高流動性強勢延續｜成交量/成交金額優先｜突破/趨勢確認｜高流動性,ALPHA 時機未明，先觀察,ALPHA 是短線/反轉補位，不可重倉。,BLOCK：超出本市場狀態可執行名額
460,ALPHA,31,3,3605,TEST,58.0,25.0,WAIT,BLOCK,False,85.8,50-100,0.0,0,不可下單,ALPHA高流動性強勢延續｜成交量/成交金額優先｜突破/趨勢確認｜高流動性,ALPHA 時機未明，先觀察,ALPHA 是短線/反轉補位，不可重倉。,BLOCK：超出本市場狀態可執行名額
461,ALPHA,32,3,3669,TEST,58.0,25.0,WAIT,BLOCK,False,43.1,50以下,0.0,0,不可下單,ALPHA高流動性強勢延續｜成交量/成交金額優先｜突破/趨勢確認｜高流動性,ALPHA 時機未明，先觀察,ALPHA 是短線/反轉補位，不可重倉。,BLOCK：超出本市場狀態可執行名額
462,ALPHA,33,3,4766,TEST,58.0,25.0,WAIT,BLOCK,False,374.5,100-500,0.0,0,不可下單,ALPHA高流動性強勢延續｜成交量/成交金額優先｜突破/趨勢確認｜高流動性,ALPHA 時機未明，先觀察,ALPHA 是短線/反轉補位，不可重倉。,BLOCK：超出本市場狀態可執行名額
463,ALPHA,34,3,4949,TEST,58.0,25.0,WAIT,BLOCK,False,105.0,100-500,0.0,0,不可下單,ALPHA高流動性強勢延續｜成交量/成交金額優先｜突破/趨勢確認｜高流動性,ALPHA 時機未明，先觀察,ALPHA 是短線/反轉補位，不可重倉。,BLOCK：超出本市場狀態可執行名額
464,ALPHA,35,3,6166,TEST,58.0,25.0,WAIT,BLOCK,False,82.3,50-100,0.0,0,不可下單,ALPHA高流動性強勢延續｜成交量/成交金額優先｜突破/趨勢確認｜高流動性,ALPHA 時機未明，先觀察,ALPHA 是短線/反轉補位，不可重倉。,BLOCK：超出本市場狀態可執行名額
465,ALPHA,36,3,6269,TEST,58.0,25.0,WAIT,BLOCK,False,67.9,50-100,0.0,0,不可下單,ALPHA高流動性強勢延續｜成交量/成交金額優先｜突破/趨勢確認｜高流動性,ALPHA 時機未明，先觀察,ALPHA 是短線/反轉補位，不可重倉。,BLOCK：超出本市場狀態可執行名額
466,ALPHA,37,3,6414,TEST,58.0,25.0,WAIT,BLOCK,False,334.0,100-500,0.0,0,不可下單,ALPHA高流動性強勢延續｜成交量/成交金額優先｜突破/趨勢確認｜高流動性,ALPHA 時機未明，先觀察,ALPHA 是短線/反轉補位，不可重倉。,BLOCK：超出本市場狀態可執行名額
467,ALPHA,38,3,6525,TEST,58.0,25.0,WAIT,BLOCK,False,95.9,50-100,0.0,0,不可下單,ALPHA高流動性強勢延續｜成交量/成交金額優先｜突破/趨勢確認｜高流動性,ALPHA 時機未明，先觀察,ALPHA 是短線/反轉補位，不可重倉。,BLOCK：超出本市場狀態可執行名額
468,ALPHA,39,3,6552,TEST,58.0,25.0,WAIT,BLOCK,False,32.65,50以下,0.0,0,不可下單,ALPHA高流動性強勢延續｜成交量/成交金額優先｜突破/趨勢確認｜高流動性,ALPHA 時機未明，先觀察,ALPHA 是短線/反轉補位，不可重倉。,BLOCK：超出本市場狀態可執行名額
469,ALPHA,40,3,6695,TEST,58.0,25.0,WAIT,BLOCK,False,50.3,50-100,0.0,0,不可下單,ALPHA高流動性強勢延續｜成交量/成交金額優先｜突破/趨勢確認｜高流動性,ALPHA 時機未明，先觀察,ALPHA 是短線/反轉補位，不可重倉。,BLOCK：超出本市場狀態可執行名額
470,ALPHA,41,3,6834,TEST,58.0,25.0,WAIT,BLOCK,False,39.35,50以下,0.0,0,不可下單,ALPHA高流動性強勢延續｜成交量/成交金額優先｜突破/趨勢確認｜高流動性,ALPHA 時機未明，先觀察,ALPHA 是短線/反轉補位，不可重倉。,BLOCK：超出本市場狀態可執行名額
471,ALPHA,42,3,6937,TEST,58.0,25.0,WAIT,BLOCK,False,335.0,100-500,0.0,0,不可下單,ALPHA高流動性強勢延續｜成交量/成交金額優先｜突破/趨勢確認｜高流動性,ALPHA 時機未明，先觀察,ALPHA 是短線/反轉補位，不可重倉。,BLOCK：超出本市場狀態可執行名額
472,ALPHA,43,3,8150,TEST,58.0,25.0,WAIT,BLOCK,False,76.5,50-100,0.0,0,不可下單,ALPHA高流動性強勢延續｜成交量/成交金額優先｜突破/趨勢確認｜高流動性,ALPHA 時機未明，先觀察,ALPHA 是短線/反轉補位，不可重倉。,BLOCK：超出本市場狀態可執行名額
473,ALPHA,44,3,9960,TEST,58.0,25.0,WAIT,BLOCK,False,35.4,50以下,0.0,0,不可下單,ALPHA高流動性強勢延續｜成交量/成交金額優先｜突破/趨勢確認｜高流動性,ALPHA 時機未明，先觀察,ALPHA 是短線/反轉補位，不可重倉。,BLOCK：超出本市場狀態可執行名額
474,ALPHA,45,3,2885,TEST,58.0,20.0,WAIT,BLOCK,False,53.1,50-100,0.0,0,不可下單,ALPHA高流動性強勢延續｜成交量/成交金額優先｜突破/趨勢確認｜高流動性,CORE 尚未到理想進場點，等待突破或回檔,ALPHA 是短線/反轉補位，不可重倉。,BLOCK：同股已由高優先桶接管
475,ALPHA,46,3,2345,TEST,58.0,15.0,WAIT,BLOCK,False,2505.0,1000以上,0.0,0,不可下單,ALPHA高流動性強勢延續｜成交量/成交金額優先｜突破/趨勢確認｜高流動性,CORE 尚未到理想進場點，等待突破或回檔,ALPHA 是短線/反轉補位，不可重倉。,BLOCK：同股已由高優先桶接管
476,ALPHA,47,3,3702,TEST,58.0,15.0,WAIT,BLOCK,False,104.5,100-500,0.0,0,不可下單,ALPHA高流動性強勢延續｜成交量/成交金額優先｜突破/趨勢確認｜高流動性,CORE 尚未到理想進場點，等待突破或回檔,ALPHA 是短線/反轉補位，不可重倉。,BLOCK：同股已由高優先桶接管
477,ALPHA,48,3,6197,TEST,58.0,15.0,WAIT,BLOCK,False,228.5,100-500,0.0,0,不可下單,ALPHA高流動性強勢延續｜成交量/成交金額優先｜突破/趨勢確認｜高流動性,ALPHA 時機未明，先觀察,ALPHA 是短線/反轉補位，不可重倉。,BLOCK：超出本市場狀態可執行名額
478,ALPHA,49,3,6706,TEST,58.0,15.0,WAIT,BLOCK,False,166.5,100-500,0.0,0,不可下單,ALPHA高流動性強勢延續｜成交量/成交金額優先｜突破/趨勢確認｜高流動性,ALPHA 時機未明，先觀察,ALPHA 是短線/反轉補位，不可重倉。,BLOCK：超出本市場狀態可執行名額
479,ALPHA,50,3,3498,TEST,58.0,10.0,WAIT,BLOCK,False,96.4,50-100,0.0,0,不可下單,ALPHA高流動性強勢延續｜成交量/成交金額優先｜突破/趨勢確認｜高流動性,ALPHA 時機未明，先觀察,ALPHA 是短線/反轉補位，不可重倉。,BLOCK：超出本市場狀態可執行名額
480,ALPHA,51,3,3526,TEST,58.0,10.0,WAIT,BLOCK,False,363.0,100-500,0.0,0,不可下單,ALPHA高流動性強勢延續｜成交量/成交金額優先｜突破/趨勢確認｜高流動性,ALPHA 時機未明，先觀察,ALPHA 是短線/反轉補位，不可重倉。,BLOCK：超出本市場狀態可執行名額
481,ALPHA,52,3,3567,TEST,58.0,10.0,WAIT,BLOCK,False,30.85,50以下,0.0,0,不可下單,ALPHA高流動性強勢延續｜成交量/成交金額優先｜突破/趨勢確認｜高流動性,ALPHA 時機未明，先觀察,ALPHA 是短線/反轉補位，不可重倉。,BLOCK：超出本市場狀態可執行名額
482,ALPHA,53,3,3580,TEST,58.0,10.0,WAIT,BLOCK,False,94.4,50-100,0.0,0,不可下單,ALPHA高流動性強勢延續｜成交量/成交金額優先｜突破/趨勢確認｜高流動性,ALPHA 時機未明，先觀察,ALPHA 是短線/反轉補位，不可重倉。,BLOCK：超出本市場狀態可執行名額
483,ALPHA,54,3,3672,TEST,58.0,10.0,WAIT,BLOCK,False,13.1,50以下,0.0,0,不可下單,ALPHA高流動性強勢延續｜成交量/成交金額優先｜突破/趨勢確認｜高流動性,ALPHA 時機未明，先觀察,ALPHA 是短線/反轉補位，不可重倉。,BLOCK：超出本市場狀態可執行名額
484,ALPHA,55,3,4510,TEST,58.0,10.0,WAIT,BLOCK,False,51.7,50-100,0.0,0,不可下單,ALPHA高流動性強勢延續｜成交量/成交金額優先｜突破/趨勢確認｜高流動性,ALPHA 時機未明，先觀察,ALPHA 是短線/反轉補位，不可重倉。,BLOCK：超出本市場狀態可執行名額
485,ALPHA,56,3,5210,TEST,58.0,10.0,WAIT,BLOCK,False,25.0,50以下,0.0,0,不可下單,ALPHA高流動性強勢延續｜成交量/成交金額優先｜突破/趨勢確認｜高流動性,ALPHA 時機未明，先觀察,ALPHA 是短線/反轉補位，不可重倉。,BLOCK：超出本市場狀態可執行名額
486,ALPHA,57,3,6146,TEST,58.0,10.0,WAIT,BLOCK,False,238.5,100-500,0.0,0,不可下單,ALPHA高流動性強勢延續｜成交量/成交金額優先｜突破/趨勢確認｜高流動性,ALPHA 時機未明，先觀察,ALPHA 是短線/反轉補位，不可重倉。,BLOCK：超出本市場狀態可執行名額
487,ALPHA,58,3,6474,TEST,58.0,10.0,WAIT,BLOCK,False,41.25,50以下,0.0,0,不可下單,ALPHA高流動性強勢延續｜成交量/成交金額優先｜突破/趨勢確認｜高流動性,ALPHA 時機未明，先觀察,ALPHA 是短線/反轉補位，不可重倉。,BLOCK：超出本市場狀態可執行名額
488,ALPHA,59,3,8121,TEST,58.0,10.0,WAIT,BLOCK,False,31.35,50以下,0.0,0,不可下單,ALPHA高流動性強勢延續｜成交量/成交金額優先｜突破/趨勢確認｜高流動性,ALPHA 時機未明，先觀察,ALPHA 是短線/反轉補位，不可重倉。,BLOCK：超出本市場狀態可執行名額
489,ALPHA,60,3,6597,TEST,58.0,0.0,WAIT,BLOCK,False,68.6,50-100,0.0,0,不可下單,ALPHA高流動性強勢延續｜成交量/成交金額優先｜突破/趨勢確認｜高流動性,PRE 條件未完整，僅保留觀察,ALPHA 是短線/反轉補位，不可重倉。,BLOCK：同股已由高優先桶接管
